Family,Species name,Europe Category,Europe Endemic,EU27 Category,EU27 Endemic,iNaturalist taxon ID,GBIF taxon ID
BRACHODIDAE,Brachodes albina,DD,Yes,,No,,4525668
BRACHODIDAE,Brachodes appendiculata,VU,No,VU,No,875214,4525682
BRACHODIDAE,Brachodes beryti,DD,No,DD,No,,4525690
BRACHODIDAE,Brachodes compar,DD,No,DD,No,1125615,4525670
BRACHODIDAE,Brachodes flavescens,DD,Yes,DD,No,1234197,4525681
BRACHODIDAE,Brachodes fulgurita,DD,No,,No,,4525691
BRACHODIDAE,Brachodes funebris,LC,Yes,LC,Yes,466370,4525671
BRACHODIDAE,Brachodes gaditana,LC,No,LC,No,,
BRACHODIDAE,Brachodes laeta,DD,Yes,DD,Yes,,4525687
BRACHODIDAE,Brachodes lucida,DD,No,DD,No,,4525695
BRACHODIDAE,Brachodes nana,DD,No,DD,No,1234204,4525676
BRACHODIDAE,Brachodes powelli,DD,No,DD,No,,4525697
BRACHODIDAE,Brachodes pumila,LC,No,LC,No,1147957,4525678
BRACHODIDAE,Brachodes tristis,DD,No,DD,No,1143225,4525698
BRAHMAEIDAE,Brahmaea europaea,EN,Yes,EN,Yes,812585,4526901
BRAHMAEIDAE,Lemonia balcanica,LC,No,LC,No,1136781,5125075
BRAHMAEIDAE,Lemonia ballioni,DD,No,,No,856415,5125089
BRAHMAEIDAE,Lemonia dumi,VU,No,VU,No,578767,5125104
BRAHMAEIDAE,Lemonia philopalus,LC,No,LC,No,470956,5125074
BRAHMAEIDAE,Lemonia strigata,DD,Yes,DD,No,956133,11551125
BRAHMAEIDAE,Lemonia taraxaci,LC,No,LC,No,334427,5769689
CIMELIIDAE,Axia margarita,NT,No,NT,No,714432,5976910
CIMELIIDAE,Axia napoleona,VU,Yes,VU,Yes,945097,5976913
CIMELIIDAE,Axia nesiota,LC,Yes,LC,Yes,945098,5976903
COSSIDAE,Acossus terebra,NT,No,NT,No,605262,4525641
COSSIDAE,Cossus cossus,LC,No,LC,No,362611,5101394
COSSIDAE,Deserticossus arenicola,,No,,No,,4525635
COSSIDAE,Deserticossus campicola,DD,No,,No,1177002,4525632
COSSIDAE,Deserticossus sareptensis,DD,No,,No,1177003,4525638
COSSIDAE,Deserticossus volgensis,DD,No,,No,1177004,4525634
COSSIDAE,Dyspessa aculeata,DD,Yes,DD,Yes,,1731264
COSSIDAE,Dyspessa aphrodite,DD,Yes,DD,Yes,,4525651
COSSIDAE,Dyspessa infuscata,DD,No,,No,875278,1731265
COSSIDAE,Dyspessa kostjuki,DD,No,,No,875279,4525648
COSSIDAE,Dyspessa peukerae,DD,Yes,DD,Yes,,
COSSIDAE,Dyspessa salicicola,LC,No,LC,No,713209,1731288
COSSIDAE,Dyspessa ulula,LC,No,LC,No,502369,1731263
COSSIDAE,Dyspessa wagneri,DD,No,,No,875280,1731240
COSSIDAE,Eremocossus almeriana,DD,Yes,DD,Yes,1134985,11658416
COSSIDAE,Eremocossus friedrichi,DD,Yes,DD,Yes,,
COSSIDAE,Kotchevnik modestus,DD,No,,No,545581,11624489
COSSIDAE,Paracossulus thrips,NT,No,NT,No,875281,4525644
COSSIDAE,Parahypopta caestrum,LC,No,LC,No,362378,8292351
COSSIDAE,Parahypopta radoti,DD,Yes,DD,Yes,,1730706
COSSIDAE,Paropta l-nigrum,DD,No,DD,No,,1731107
COSSIDAE,Paropta paradoxus,DD,No,DD,No,853999,4525627
COSSIDAE,Phragmacossia albida,DD,No,DD,No,371629,4525662
COSSIDAE,Phragmacossia minos,LC,Yes,LC,Yes,371630,4525661
COSSIDAE,Phragmataecia castaneae,LC,No,NT,No,362858,1731598
COSSIDAE,Stygia australis,LC,Yes,LC,Yes,1130248,5977319
COSSIDAE,Stygia mosulensis,DD,No,DD,No,715923,5977322
COSSIDAE,Stygia nilssoni,DD,Yes,DD,Yes,1159497,8719105
COSSIDAE,Stygioides colchica,DD,No,DD,No,1031981,1731362
COSSIDAE,Stygioides italica,DD,Yes,DD,Yes,,
COSSIDAE,Stygioides persephone,DD,Yes,DD,Yes,,
COSSIDAE,Stygioides tricolor,DD,No,,No,,
COSSIDAE,Zeuzera pyrina,LC,No,LC,No,200930,1730978
DREPANIDAE,Achlya flavicornis,LC,No,LC,No,483271,3276352
DREPANIDAE,Asphalia ruficollis,LC,No,LC,No,778969,4527363
DREPANIDAE,Cilix algirica,LC,No,LC,No,774119,4527356
DREPANIDAE,Cilix asiatica,LC,No,LC,No,875309,1951562
DREPANIDAE,Cilix glaucata,LC,No,LC,No,205156,1951557
DREPANIDAE,Cilix hispanica,LC,No,LC,No,538400,4527355
DREPANIDAE,Cymatophorina diluta,NT,No,NT,No,500849,1952130
DREPANIDAE,Drepana curvatula,LC,No,LC,No,464302,5143147
DREPANIDAE,Drepana falcataria,LC,No,LC,No,324216,5143129
DREPANIDAE,Falcaria lacertinaria,LC,No,LC,No,345746,1952014
DREPANIDAE,Habrosyne pyritoides,LC,No,LC,No,322132,1952062
DREPANIDAE,Ochropacha duplaris,LC,No,LC,No,475090,1952532
DREPANIDAE,Polyploca korbi,LC,No,LC,No,976818,1951722
DREPANIDAE,Polyploca ridens,LC,No,LC,No,483272,1951713
DREPANIDAE,Sabra harpagula,VU,No,VU,No,483267,1952449
DREPANIDAE,Tethea ocularis,LC,No,LC,No,460514,5143048
DREPANIDAE,Tethea or,LC,No,LC,No,320168,5142971
DREPANIDAE,Tetheella fluctuosa,LC,No,LC,No,466043,1951649
DREPANIDAE,Thyatira batis,LC,No,LC,No,123022,5142870
DREPANIDAE,Watsonalla binaria,LC,No,LC,No,324758,1952806
DREPANIDAE,Watsonalla cultraria,LC,No,LC,No,324683,1952812
DREPANIDAE,Watsonalla uncinula,LC,No,LC,No,325640,1952816
ENDROMIDAE,Endromis versicolora,LC,No,LC,No,128214,1861395
EPIPYROPIDAE,Ommatissopyrops schawerdae,DD,No,DD,No,1008931,4522314
EREBIDAE,Acantholipes regularis,LC,No,NT,No,875364,4532488
EREBIDAE,Albarracina warionis,LC,No,DD,No,1105015,1819050
EREBIDAE,Amata caspia,DD,No,,No,733451,1808348
EREBIDAE,Amata marjana,LC,No,LC,No,473447,1808440
EREBIDAE,Amata nigricornis,LC,No,,No,775820,1808195
EREBIDAE,Amata phegea,LC,No,LC,No,57489,1808450
EREBIDAE,Amata ragazzii,LC,Yes,LC,Yes,67788,1808200
EREBIDAE,Amata transcaspica,DD,No,,No,1143598,1808387
EREBIDAE,Anomis flava,,No,,No,213715,1785072
EREBIDAE,Anumeta atrosignata,DD,No,,No,716402,1765643
EREBIDAE,Anumeta cestis,DD,No,,No,875365,1765636
EREBIDAE,Anumeta fractistrigata,DD,No,,No,,1765642
EREBIDAE,Anumeta henkei,DD,No,,No,875366,1765620
EREBIDAE,Anumeta hilgerti,,No,,No,716131,1765644
EREBIDAE,Anumeta spilota,DD,No,,No,875367,1765608
EREBIDAE,Apaidia mesogona,VU,No,VU,No,773523,1805535
EREBIDAE,Apaidia rufeola,NT,No,NT,No,1089650,1805530
EREBIDAE,Apantesis quenseli,LC,No,NT,No,,
EREBIDAE,Apopestes spectrum,LC,No,LC,No,500350,1779399
EREBIDAE,Araeopteron ecphaea,LC,No,LC,No,550559,1779258
EREBIDAE,Arctia alpina,EN,No,EN,No,,
EREBIDAE,Arctia angelica,LC,No,LC,No,746591,5116048
EREBIDAE,Arctia aulica,NT,No,VU,No,,
EREBIDAE,Arctia caja,LC,No,LC,No,68330,5115874
EREBIDAE,Arctia dejeanii,LC,Yes,LC,Yes,,
EREBIDAE,Arctia festiva,NT,No,VU,No,462081,5772009
EREBIDAE,Arctia flavia,VU,No,VU,No,605053,5115872
EREBIDAE,Arctia konewkaii,DD,Yes,DD,Yes,544789,5115991
EREBIDAE,Arctia lapponica,EN,No,EN,No,,
EREBIDAE,Arctia matronula,VU,No,VU,No,904326,10371150
EREBIDAE,Arctia menetriesii,DD,No,DD,No,,10207066
EREBIDAE,Arctia ornata,DD,No,,No,,
EREBIDAE,Arctia plantaginis,LC,No,LC,No,824510,10160919
EREBIDAE,Arctia testudinaria,VU,Yes,VU,No,,
EREBIDAE,Arctia tigrina,LC,Yes,LC,No,860542,5115854
EREBIDAE,Arctia tundrana,DD,No,,No,,
EREBIDAE,Arctia villica,LC,No,LC,No,336697,5115818
EREBIDAE,Arctornis l-nigrum,LC,No,LC,No,469887,1819496
EREBIDAE,Artimelia latreillii,NT,Yes,NT,Yes,977386,4532614
EREBIDAE,Arytrura musculus,LC,No,NT,No,875368,1777695
EREBIDAE,Atolmis rubricollis,LC,No,LC,No,333915,1810099
EREBIDAE,Autophila anaphanes,LC,No,LC,No,558357,1777329
EREBIDAE,Autophila asiatica,DD,No,DD,No,875370,1777285
EREBIDAE,Autophila banghaasi,DD,No,DD,No,,1777333
EREBIDAE,Autophila cataphanes,LC,No,LC,No,875372,1777320
EREBIDAE,Autophila chamaephanes,DD,No,,No,875373,1777296
EREBIDAE,Autophila dilucida,NT,No,NT,No,785513,1777289
EREBIDAE,Autophila hirsuta,NT,No,NT,No,1137310,1777309
EREBIDAE,Autophila libanotica,,No,,No,,1777293
EREBIDAE,Autophila ligaminosa,LC,No,DD,No,978079,1777344
EREBIDAE,Autophila limbata,NT,No,NT,No,875371,1777318
EREBIDAE,Autophila luxuriosa,DD,No,DD,No,716395,1777287
EREBIDAE,Autophila maura,,No,,No,,1777312
EREBIDAE,Autophila rosea,,No,,No,,1777282
EREBIDAE,Callimorpha dominula,LC,No,LC,No,125312,4532534
EREBIDAE,Calliteara abietis,NT,No,NT,No,778744,4532293
EREBIDAE,Calliteara fortunata,LC,Yes,LC,Yes,511772,
EREBIDAE,Calliteara pudibunda,LC,No,LC,No,205294,1819145
EREBIDAE,Calymma communimacula,LC,No,LC,No,875374,1761392
EREBIDAE,Calyptra thalictri,LC,No,LC,No,366188,1777631
EREBIDAE,Canararctia rufescens,LC,Yes,LC,Yes,560585,4532549
EREBIDAE,Casama innotata,,No,,No,513231,4532286
EREBIDAE,Catephia alchymista,LC,No,LC,No,325523,1788635
EREBIDAE,Cerocala sana,DD,No,DD,No,716381,1780881
EREBIDAE,Cerocala scapulosa,LC,No,LC,No,556331,1780869
EREBIDAE,Chelis arragonensis,LC,Yes,LC,Yes,,
EREBIDAE,Chelis caecilia,DD,No,DD,No,1039021,9924625
EREBIDAE,Chelis cantabrica,EN,Yes,EN,Yes,,10470793
EREBIDAE,Chelis cervini,EN,Yes,EN,No,,
EREBIDAE,Chelis dahurica,DD,No,,No,706764,4532567
EREBIDAE,Chelis maculosa,NT,No,NT,No,550594,4532565
EREBIDAE,Chelis puengeleri,EN,No,EN,No,,
EREBIDAE,Chelis simplonica,DD,Yes,DD,No,1039019,4532569
EREBIDAE,Clytie illunaris,LC,No,LC,No,483550,5112034
EREBIDAE,Clytie syriaca,LC,No,LC,No,875377,5112007
EREBIDAE,Colobochyla salicalis,LC,No,LC,No,483555,1764531
EREBIDAE,Coscinia chrysocephala,LC,No,LC,No,776857,5117213
EREBIDAE,Coscinia cribraria,LC,No,LC,No,130874,5117189
EREBIDAE,Coscinia mariarosae,DD,Yes,DD,Yes,,8903978
EREBIDAE,Cybosia mesomella,LC,No,LC,No,465058,1804906
EREBIDAE,Cymbalophora pudica,LC,No,LC,No,366885,1814552
EREBIDAE,Cymbalophora rivularis,EN,No,EN,No,803156,1814550
EREBIDAE,Diacrisia metelkana,CR,No,CR,No,,9927241
EREBIDAE,Diacrisia purpurata,NT,No,NT,No,,
EREBIDAE,Diacrisia sannio,LC,No,LC,No,132317,4532544
EREBIDAE,Diaphora luctuosa,LC,Yes,LC,No,1039542,9045573
EREBIDAE,Diaphora mendica,LC,No,LC,No,129156,6097214
EREBIDAE,Diaphora sordida,VU,Yes,VU,No,569479,8302139
EREBIDAE,Drasteria cailino,VU,No,VU,No,773525,7701550
EREBIDAE,Drasteria caucasica,LC,No,LC,No,875378,8837162
EREBIDAE,Drasteria flexuosa,DD,No,,No,875379,9214608
EREBIDAE,Drasteria philippina,,No,,No,1146962,1771569
EREBIDAE,Drasteria picta,DD,No,,No,875380,8736559
EREBIDAE,Drasteria pseudopicta,DD,No,,No,,
EREBIDAE,Drasteria rada,DD,No,,No,967489,8927420
EREBIDAE,Drasteria saisani,DD,No,,No,875381,9182714
EREBIDAE,Drasteria sesquistria,DD,No,,No,,8823007
EREBIDAE,Drasteria tenera,DD,No,,No,,9175315
EREBIDAE,Dysauxes ancilla,LC,No,LC,No,470129,1814630
EREBIDAE,Dysauxes famula,LC,No,LC,No,335662,1814610
EREBIDAE,Dysauxes punctata,NT,No,NT,No,546756,1814653
EREBIDAE,Dysauxes servula,EN,No,EN,No,947262,1814625
EREBIDAE,Dysgonia algira,LC,No,LC,No,199266,1798504
EREBIDAE,Dysgonia torrida,LC,No,LC,No,344822,1798481
EREBIDAE,Eilema albicosta,LC,Yes,LC,Yes,867781,5117030
EREBIDAE,Eilema bipuncta,DD,No,DD,No,1229211,5116928
EREBIDAE,Eilema caniola,LC,No,LC,No,424241,5116698
EREBIDAE,Eilema cereola,NT,Yes,NT,No,985166,5117031
EREBIDAE,Eilema complana,LC,No,LC,No,320004,5116609
EREBIDAE,Eilema costalis,LC,No,LC,No,,5116689
EREBIDAE,Eilema depressa,LC,No,LC,No,125266,5116850
EREBIDAE,Eilema griseola,LC,No,LC,No,205120,5116941
EREBIDAE,Eilema interpositella,LC,No,LC,No,1076011,5116985
EREBIDAE,Eilema lurideola,LC,No,LC,No,354804,7730078
EREBIDAE,Eilema lutarella,LC,No,LC,No,470720,5117049
EREBIDAE,Eilema marcida,NT,No,NT,No,1135187,5116625
EREBIDAE,Eilema muscula,LC,No,LC,No,715494,5116679
EREBIDAE,Eilema palliatella,VU,No,VU,No,501113,5116897
EREBIDAE,Eilema predotae,LC,Yes,LC,Yes,1063477,5116943
EREBIDAE,Eilema pseudocomplana,NT,No,NT,No,701774,5772029
EREBIDAE,Eilema pygmaeola,NT,No,NT,No,483382,5116669
EREBIDAE,Eilema rungsi,LC,No,LC,No,1147338,5116867
EREBIDAE,Eilema sororcula,LC,No,LC,No,354803,5117089
EREBIDAE,Eilema uniola,NT,No,NT,No,450920,5117046
EREBIDAE,Epatolmis luctifera,NT,No,NT,No,567403,7908344
EREBIDAE,Eublemma albida,DD,No,DD,No,1189334,4532205
EREBIDAE,Eublemma amasina,DD,No,,No,875382,4532258
EREBIDAE,Eublemma amoena,LC,No,,No,625429,1797990
EREBIDAE,Eublemma baccatrix,,No,,No,,
EREBIDAE,Eublemma candicans,DD,No,DD,No,1096865,4532262
EREBIDAE,Eublemma candidana,LC,No,LC,No,466827,4532236
EREBIDAE,Eublemma caprearum,DD,Yes,DD,Yes,,1797883
EREBIDAE,Eublemma cochylioides,LC,No,LC,No,121901,4532266
EREBIDAE,Eublemma debilis,DD,No,,No,875383,1797885
EREBIDAE,Eublemma elychrysi,LC,Yes,LC,Yes,564050,4532218
EREBIDAE,Eublemma gratissima,DD,No,DD,No,1139493,4532249
EREBIDAE,Eublemma hansa,DD,No,,No,977945,4532222
EREBIDAE,Eublemma himmighoffeni,,No,,No,665104,4532201
EREBIDAE,Eublemma minutata,LC,No,LC,No,483538,4532253
EREBIDAE,Eublemma ochreola,DD,No,DD,No,1139492,1797895
EREBIDAE,Eublemma ostrina,LC,No,LC,No,468393,4532203
EREBIDAE,Eublemma pallidula,DD,No,DD,No,875384,4532256
EREBIDAE,Eublemma panonica,LC,No,LC,No,1148059,4532224
EREBIDAE,Eublemma parallela,DD,No,,No,875385,4532231
EREBIDAE,Eublemma parva,LC,No,LC,No,243533,4532206
EREBIDAE,Eublemma polygramma,LC,No,LC,No,803193,4532260
EREBIDAE,Eublemma porphyrina,LC,No,LC,No,,
EREBIDAE,Eublemma pudorina,DD,No,DD,No,1031980,4532210
EREBIDAE,Eublemma pura,LC,No,LC,No,468671,4532264
EREBIDAE,Eublemma purpurina,LC,No,LC,No,556959,4532239
EREBIDAE,Eublemma pusilla,DD,No,,No,975985,9728741
EREBIDAE,Eublemma rietzi,NT,Yes,NT,Yes,,4532268
EREBIDAE,Eublemma rosea,LC,No,LC,No,875386,4532242
EREBIDAE,Eublemma scitula,LC,No,LC,No,1199110,4532216
EREBIDAE,Eublemma straminea,DD,No,DD,No,977946,4532247
EREBIDAE,Eublemma suppura,DD,No,DD,No,,1797862
EREBIDAE,Eublemma viridula,LC,No,LC,No,840510,4532199
EREBIDAE,Eublemma zillii,DD,Yes,DD,Yes,,4532252
EREBIDAE,Euclidia fortalitium,DD,No,,No,,4532495
EREBIDAE,Euclidia glyphica,LC,No,LC,No,132888,1798408
EREBIDAE,Euclidia mi,LC,No,LC,No,,4532493
EREBIDAE,Euclidia munita,DD,No,,No,875387,1798403
EREBIDAE,Euclidia triquetra,LC,No,LC,No,875388,1798407
EREBIDAE,Euplagia quadripunctaria,LC,No,LC,No,118936,4532532
EREBIDAE,Euproctis chrysorrhoea,LC,No,LC,No,337520,1821856
EREBIDAE,Exophyla rectangularis,LC,No,LC,No,875389,1787517
EREBIDAE,Grammodes bifasciata,LC,No,LC,No,371986,1786985
EREBIDAE,Grammodes stolida,LC,No,LC,No,116384,1786980
EREBIDAE,Gynaephora fascelina,NT,No,NT,No,1260962,8648822
EREBIDAE,Gynaephora pumila,DD,No,,No,,
EREBIDAE,Gynaephora selenitica,NT,Yes,NT,No,824532,1822120
EREBIDAE,Heteropalpia vetusta,DD,No,DD,No,669381,1779751
EREBIDAE,Honeyania ragusana,LC,No,LC,No,121913,4532269
EREBIDAE,Hypenodes anatolica,DD,No,DD,No,,4532682
EREBIDAE,Hypenodes crimeana,DD,Yes,,No,,4532680
EREBIDAE,Hypenodes cypriaca,DD,Yes,DD,Yes,,4532677
EREBIDAE,Hypenodes humidalis,LC,No,LC,No,483562,1799708
EREBIDAE,Hypenodes kalchbergi,DD,Yes,DD,Yes,,4532679
EREBIDAE,Hypenodes orientalis,DD,No,DD,No,1148062,4532681
EREBIDAE,Hypenodes pannonica,DD,Yes,DD,Yes,,4532678
EREBIDAE,Hyphantria cunea,,No,,No,127133,1817797
EREBIDAE,Idia calvaria,LC,No,LC,No,544737,6097254
EREBIDAE,Lacydes spectabilis,DD,No,,No,751577,9208093
EREBIDAE,Laelia coenosa,LC,No,NT,No,483379,9781482
EREBIDAE,Laspeyria flexula,LC,No,LC,No,322806,1769103
EREBIDAE,Lerautia bifasciata,LC,Yes,LC,Yes,,
EREBIDAE,Leucoma salicis,LC,No,LC,No,209787,1820039
EREBIDAE,Lithosia quadra,LC,No,LC,No,362182,5115771
EREBIDAE,Lygephila amasina,DD,No,DD,No,977718,1791129
EREBIDAE,Lygephila craccae,LC,No,LC,No,371983,4532412
EREBIDAE,Lygephila fonti,DD,Yes,DD,Yes,,4532407
EREBIDAE,Lygephila lubrica,DD,No,,No,922090,4532402
EREBIDAE,Lygephila ludicra,LC,No,LC,No,875391,4532410
EREBIDAE,Lygephila lusoria,VU,No,VU,No,785509,1791132
EREBIDAE,Lygephila minima,DD,No,,No,,8831223
EREBIDAE,Lygephila pastinum,LC,No,LC,No,483552,4532405
EREBIDAE,Lygephila procax,LC,No,LC,No,849821,4532395
EREBIDAE,Lygephila viciae,NT,No,NT,No,551384,4532408
EREBIDAE,Lymantria dispar,LC,No,LC,No,47802,1820406
EREBIDAE,Lymantria monacha,LC,No,LC,No,224214,1820372
EREBIDAE,Macrochilo cribrumalis,LC,No,LC,No,177220,5771982
EREBIDAE,Metachrostis dardouini,VU,No,VU,No,1077117,1792778
EREBIDAE,Metachrostis velocior,LC,No,LC,No,906672,1792795
EREBIDAE,Metachrostis velox,NT,No,NT,No,466319,1792784
EREBIDAE,Micronoctua karsholti,DD,No,DD,No,,1802856
EREBIDAE,Miltochrista miniata,LC,No,LC,No,363486,1813114
EREBIDAE,Minucia lunaris,LC,No,NT,No,483548,1790816
EREBIDAE,Nodaria nodosalis,VU,No,VU,No,319530,1792210
EREBIDAE,Nudaria mundana,LC,No,LC,No,451909,5116416
EREBIDAE,Ocneria atlantica,LC,No,LC,No,632851,9331464
EREBIDAE,Ocneria bazae,DD,Yes,DD,Yes,,
EREBIDAE,Ocneria detrita,EN,No,EN,No,,6122473
EREBIDAE,Ocneria eos,DD,Yes,DD,Yes,,1819700
EREBIDAE,Ocneria lapidicola,DD,No,DD,No,,
EREBIDAE,Ocneria ledereri,DD,Yes,DD,No,,4532325
EREBIDAE,Ocneria rubea,VU,No,VU,No,546726,1819699
EREBIDAE,Ocneria samarita,DD,No,DD,No,,
EREBIDAE,Ocneria terebinthi,LC,No,LC,No,1132153,
EREBIDAE,Ocnogyna boeticum,LC,No,LC,No,967162,1805110
EREBIDAE,Ocnogyna breveti,,No,,No,,
EREBIDAE,Ocnogyna clathrata,LC,No,LC,No,869778,1805122
EREBIDAE,Ocnogyna corsicum,DD,Yes,DD,Yes,1042037,1805126
EREBIDAE,Ocnogyna nogelli,LC,No,LC,No,1039034,1805092
EREBIDAE,Ocnogyna parasita,VU,No,VU,No,488790,1805155
EREBIDAE,Ocnogyna zoraida,LC,Yes,LC,No,889876,4532608
EREBIDAE,Odice arcuinna,LC,No,LC,No,466923,4532279
EREBIDAE,Odice blandula,LC,No,LC,No,,4532275
EREBIDAE,Odice jucunda,VU,No,VU,No,466925,4532283
EREBIDAE,Odice pergrata,LC,No,LC,No,466937,4532277
EREBIDAE,Odice suava,VU,No,VU,No,466926,4532273
EREBIDAE,Ophiusa tirhaca,LC,No,LC,No,124891,1788553
EREBIDAE,Orectis massiliensis,NT,Yes,NT,Yes,860401,5110025
EREBIDAE,Orectis proboscidata,LC,No,LC,No,860395,5110027
EREBIDAE,Orgyia antiqua,LC,No,LC,No,61910,1819873
EREBIDAE,Orgyia antiquoides,NT,No,NT,No,342826,8361973
EREBIDAE,Orgyia aurolimbata,LC,Yes,LC,Yes,342829,1819941
EREBIDAE,Orgyia corsica,LC,Yes,LC,Yes,797490,1819911
EREBIDAE,Orgyia dubia,LC,No,LC,No,780393,6122092
EREBIDAE,Orgyia recens,NT,No,NT,No,483380,7657803
EREBIDAE,Orgyia rupestris,DD,Yes,DD,Yes,548668,1819921
EREBIDAE,Orgyia splendida,DD,No,DD,No,,8998406
EREBIDAE,Orgyia trigotephras,LC,No,LC,No,839855,1819928
EREBIDAE,Paidia cinerascens,DD,No,DD,No,974374,1807966
EREBIDAE,Paidia griseola,DD,No,DD,No,,1807972
EREBIDAE,Paidia minoica,LC,Yes,LC,Yes,,8988061
EREBIDAE,Paidia rica,LC,No,LC,No,554465,1807969
EREBIDAE,Pandesma robusta,LC,No,LC,No,355405,4532453
EREBIDAE,Paracolax tristalis,LC,No,LC,No,465845,4532516
EREBIDAE,Parascotia detersa,DD,No,DD,No,,1780145
EREBIDAE,Parascotia fuliginaria,LC,No,LC,No,326921,1780150
EREBIDAE,Parascotia lorai,DD,Yes,DD,Yes,,1780153
EREBIDAE,Parascotia nisseni,LC,No,LC,No,327151,1780149
EREBIDAE,Parascotia robiginosa,DD,No,DD,No,,1780154
EREBIDAE,Pechipogo flavicrinalis,DD,No,DD,No,,
EREBIDAE,Pechipogo simplicicornis,DD,No,DD,No,1151757,4532503
EREBIDAE,Pechipogo strigilata,LC,No,LC,No,470899,1772793
EREBIDAE,Pelosia muscerda,LC,No,LC,No,324681,5117400
EREBIDAE,Pelosia obtusa,LC,No,LC,No,483381,5117399
EREBIDAE,Pelosia plumosa,LC,No,LC,No,1152496,5117401
EREBIDAE,Penthophera morio,VU,No,VU,No,548147,1819170
EREBIDAE,Pericyma acrosticta,,No,,No,,
EREBIDAE,Pericyma albidentaria,DD,No,DD,No,238800,1781502
EREBIDAE,Pericyma squalens,,No,,No,716140,1781525
EREBIDAE,Phragmatobia fuliginosa,LC,No,LC,No,143114,1804071
EREBIDAE,Phragmatobia placida,DD,No,DD,No,751590,1803995
EREBIDAE,Phytometra amata,,No,,No,959345,1760240
EREBIDAE,Phytometra sanctiflorentis,LC,Yes,LC,Yes,325625,1760244
EREBIDAE,Phytometra viridaria,NT,No,NT,No,483553,1760246
EREBIDAE,Polypogon gryphalis,LC,No,LC,No,498468,1771779
EREBIDAE,Polypogon plumigeralis,LC,No,LC,No,,
EREBIDAE,Polypogon tentacularia,LC,No,LC,No,551937,1771772
EREBIDAE,Raparna conicephala,LC,No,LC,No,875393,1768626
EREBIDAE,Rhynchina canariensis,LC,Yes,LC,Yes,871334,1786138
EREBIDAE,Rhypagla lacernaria,LC,No,LC,No,,1772071
EREBIDAE,Rivula sericealis,LC,No,LC,No,325341,1769897
EREBIDAE,Rivula tanitalis,DD,No,DD,No,716135,1769914
EREBIDAE,Sagarriella libyssa,DD,No,DD,No,,
EREBIDAE,Sagarriella romei,VU,Yes,VU,Yes,,
EREBIDAE,Schrankia balneorum,DD,No,DD,No,875394,5113026
EREBIDAE,Schrankia costaestrigalis,LC,No,LC,No,333910,5113036
EREBIDAE,Schrankia taenialis,LC,No,LC,No,483560,5113030
EREBIDAE,Scoliopteryx libatrix,LC,No,LC,No,134078,1798449
EREBIDAE,Setina alpestris,DD,Yes,DD,Yes,,9193075
EREBIDAE,Setina aurita,VU,Yes,VU,No,476137,8165185
EREBIDAE,Setina cantabrica,LC,Yes,LC,Yes,1145428,8943908
EREBIDAE,Setina flavicans,LC,Yes,LC,No,778806,5116499
EREBIDAE,Setina irrorella,NT,No,NT,No,476138,5116475
EREBIDAE,Setina roscida,LC,No,NT,No,745764,8038357
EREBIDAE,Simplicia rectalis,LC,No,NT,No,577887,1778644
EREBIDAE,Sphrageidus similis,LC,No,LC,No,362811,1819268
EREBIDAE,Spilarctia lutea,LC,No,LC,No,,8000103
EREBIDAE,Spilosoma lubricipeda,LC,No,LC,No,81653,1811896
EREBIDAE,Spilosoma urticae,LC,No,LC,No,61422,1812394
EREBIDAE,Spiris slovenica,DD,Yes,DD,Yes,1042252,9866172
EREBIDAE,Spiris striata,NT,No,NT,No,366971,7656811
EREBIDAE,Tathorhynchus exsiccata,LC,No,LC,No,232336,1765751
EREBIDAE,Thumatha senex,LC,No,LC,No,125957,1807206
EREBIDAE,Trisateles emortualis,LC,No,LC,No,476146,1798346
EREBIDAE,Tyria jacobaeae,LC,No,LC,No,51781,5115777
EREBIDAE,Utetheisa pulchella,LC,No,LC,No,201279,1803163
EREBIDAE,Watsonarctia deserta,LC,No,LC,No,548605,1809210
EREBIDAE,Zanclognatha lunalis,LC,No,LC,No,470440,4532508
EREBIDAE,Zanclognatha zelleralis,VU,No,VU,No,483564,4532510
EREBIDAE,Zebeeba falsalis,LC,No,LC,No,541930,1783882
EREBIDAE,Zebeeba orzolae,DD,Yes,DD,Yes,,
EREBIDAE,Zebeeba poliotis,LC,Yes,LC,Yes,,
EREBIDAE,Zekelita antiqualis,LC,No,LC,No,781239,4532366
EREBIDAE,Zekelita ravalis,DD,No,DD,No,875396,1785260
EREBIDAE,Zekelita ravulalis,DD,No,,No,886266,4532364
EREBIDAE,Zethes insularis,LC,No,LC,No,548659,1772822
EUTELIIDAE,Eutelia adoratrix,LC,No,LC,No,875397,1777414
EUTELIIDAE,Eutelia adulatrix,LC,No,LC,No,71196,1777517
GEOMETRIDAE,Abraxas grossulariata,LC,No,LC,No,61918,1967873
GEOMETRIDAE,Abraxas pantaria,LC,No,LC,No,483568,1967803
GEOMETRIDAE,Abraxas sylvata,LC,No,LC,No,52429,1967815
GEOMETRIDAE,Acanthovalva inconspicuaria,LC,No,LC,No,567726,4525034
GEOMETRIDAE,Acasis appensata,NT,No,NT,No,321842,1968206
GEOMETRIDAE,Acasis viretata,LC,No,LC,No,321841,1968214
GEOMETRIDAE,Adactylotis contaminaria,VU,Yes,VU,No,519068,1973327
GEOMETRIDAE,Adactylotis gesticularia,VU,No,VU,No,325510,1973323
GEOMETRIDAE,Adalbertia castiliaria,LC,Yes,LC,No,711189,1963755
GEOMETRIDAE,Aethalura punctulata,LC,No,LC,No,470909,1990150
GEOMETRIDAE,Afriberina salemae,LC,Yes,LC,Yes,,
GEOMETRIDAE,Afriberina tenietaria,LC,No,LC,No,538475,1969106
GEOMETRIDAE,Agriopis aurantiaria,LC,No,LC,No,56639,5769072
GEOMETRIDAE,Agriopis bajaria,LC,No,NT,No,56640,7429212
GEOMETRIDAE,Agriopis budashkini,DD,No,DD,No,875547,9129731
GEOMETRIDAE,Agriopis leucophaearia,LC,No,LC,No,56637,5769062
GEOMETRIDAE,Agriopis marginaria,LC,No,LC,No,344472,5769068
GEOMETRIDAE,Alcis deversata,LC,No,LC,No,917780,5143453
GEOMETRIDAE,Alcis jubata,LC,No,LC,No,483356,5143477
GEOMETRIDAE,Alcis repandata,LC,No,LC,No,324890,5143380
GEOMETRIDAE,Aleucis distinctata,LC,No,LC,No,468325,4524403
GEOMETRIDAE,Aleucis orientalis,LC,No,LC,No,1144832,4524401
GEOMETRIDAE,Almeria kalischata,LC,No,LC,No,1152849,1991532
GEOMETRIDAE,Alsophila aceraria,LC,No,LC,No,602608,5143944
GEOMETRIDAE,Alsophila aescularia,LC,No,LC,No,345611,5143947
GEOMETRIDAE,Amygdaloptera testaria,LC,No,LC,No,894670,1967232
GEOMETRIDAE,Angerona prunaria,LC,No,LC,No,475135,1965913
GEOMETRIDAE,Anthometra plumularia,LC,Yes,LC,Yes,784049,5147794
GEOMETRIDAE,Anticlea derivata,LC,No,LC,No,318430,1975793
GEOMETRIDAE,Anticollix sparsata,LC,No,LC,No,475950,1975571
GEOMETRIDAE,Antilurga alhambrata,LC,No,LC,No,960317,1966854
GEOMETRIDAE,Antilurga cabrerai,DD,Yes,DD,Yes,,
GEOMETRIDAE,Apeira syringaria,LC,No,LC,No,205218,1962860
GEOMETRIDAE,Aplasta ononaria,LC,No,LC,No,468600,5149474
GEOMETRIDAE,Aplocera annexata,DD,No,DD,No,875548,1984984
GEOMETRIDAE,Aplocera bohatschi,LC,Yes,LC,Yes,,1984976
GEOMETRIDAE,Aplocera columbata,DD,No,DD,No,830673,1984962
GEOMETRIDAE,Aplocera corsalta,LC,Yes,LC,Yes,906443,1984935
GEOMETRIDAE,Aplocera cretica,LC,Yes,LC,Yes,,9001841
GEOMETRIDAE,Aplocera efformata,LC,No,LC,No,357895,1984954
GEOMETRIDAE,Aplocera plagiata,LC,No,LC,No,213992,1984942
GEOMETRIDAE,Aplocera praeformata,LC,No,LC,No,483340,1984949
GEOMETRIDAE,Aplocera simpliciata,LC,No,NT,No,563664,1984993
GEOMETRIDAE,Aplocera vivesi,DD,Yes,DD,Yes,,8944716
GEOMETRIDAE,Apocheima hispidaria,LC,No,LC,No,124096,1961068
GEOMETRIDAE,Apochima flabellaria,LC,No,LC,No,487586,4524712
GEOMETRIDAE,Archiearis parthenias,LC,No,LC,No,430139,1975733
GEOMETRIDAE,Arichanna melanaria,LC,No,LC,No,499913,1979781
GEOMETRIDAE,Artiora evonymaria,LC,No,LC,No,764838,1967452
GEOMETRIDAE,Ascotis fortunata,LC,Yes,LC,Yes,791370,1980525
GEOMETRIDAE,Ascotis selenaria,LC,No,LC,No,243770,1980521
GEOMETRIDAE,Asovia maeoticaria,LC,No,LC,No,1008818,4524755
GEOMETRIDAE,Aspitates albaria,DD,No,,No,914269,1967320
GEOMETRIDAE,Aspitates collinaria,LC,Yes,LC,Yes,842037,1967324
GEOMETRIDAE,Aspitates forbesi,DD,No,,No,452667,1967286
GEOMETRIDAE,Aspitates gilvaria,LC,No,LC,No,483366,1967273
GEOMETRIDAE,Aspitates mundataria,LC,No,DD,No,,1967287
GEOMETRIDAE,Aspitates ochrearia,LC,No,LC,No,325268,1967265
GEOMETRIDAE,Aspitates orciferaria,DD,No,,No,214492,1967315
GEOMETRIDAE,Aspitates taylorae,DD,No,,No,1131707,1967323
GEOMETRIDAE,Asthena albulata,LC,No,LC,No,475913,1987744
GEOMETRIDAE,Asthena anseraria,LC,No,LC,No,939522,1987737
GEOMETRIDAE,Asthena lactularia,CR,Yes,CR,Yes,,1987731
GEOMETRIDAE,Athroolopha chrysitaria,DD,Yes,DD,Yes,,1968691
GEOMETRIDAE,Athroolopha latimargo,,No,,No,,1968685
GEOMETRIDAE,Athroolopha pennigeraria,LC,No,LC,No,528779,1968686
GEOMETRIDAE,Baptria tibiale,NT,No,NT,No,546577,1963157
GEOMETRIDAE,Biston achyra,DD,No,DD,No,875549,1975983
GEOMETRIDAE,Biston betularia,LC,No,LC,No,143517,1975897
GEOMETRIDAE,Biston rosenbaueri,DD,Yes,DD,Yes,,10150871
GEOMETRIDAE,Biston strataria,LC,No,LC,No,244816,1975903
GEOMETRIDAE,Boudinotiana notha,LC,No,LC,No,702564,4522970
GEOMETRIDAE,Boudinotiana puella,LC,Yes,LC,No,851313,4522974
GEOMETRIDAE,Boudinotiana touranginii,LC,Yes,LC,Yes,1225104,4522972
GEOMETRIDAE,Brachyglossina exilaria,LC,Yes,LC,Yes,,
GEOMETRIDAE,Brachyglossina hispanaria,LC,Yes,LC,Yes,1152857,4523244
GEOMETRIDAE,Brachyglossina manicaria,LC,No,LC,No,,
GEOMETRIDAE,Bupalus piniaria,LC,No,LC,No,361964,1973414
GEOMETRIDAE,Bustilloxia saturata,LC,No,LC,No,885769,5768597
GEOMETRIDAE,Cabera exanthemata,LC,No,,No,130099,5143675
GEOMETRIDAE,Cabera leptographa,NT,No,NT,No,986871,5143677
GEOMETRIDAE,Cabera pusaria,LC,No,LC,No,130101,5143697
GEOMETRIDAE,Calamodes melanaria,VU,No,VU,No,,1988391
GEOMETRIDAE,Calamodes occitanaria,LC,Yes,LC,Yes,468723,1988390
GEOMETRIDAE,Campaea margaritaria,LC,No,LC,No,335611,1978754
GEOMETRIDAE,Camptogramma bilineata,LC,No,LC,No,61972,4524376
GEOMETRIDAE,Camptogramma bistrigata,LC,Yes,LC,Yes,548640,4524374
GEOMETRIDAE,Camptogramma grisescens,DD,No,DD,No,801690,4524381
GEOMETRIDAE,Camptogramma scripturata,LC,Yes,LC,No,961809,4524362
GEOMETRIDAE,Carsia lythoxylata,NT,No,NT,No,779147,4524184
GEOMETRIDAE,Carsia sororiata,LC,No,LC,No,216151,1978977
GEOMETRIDAE,Casilda antophilaria,LC,No,LC,No,875550,4523463
GEOMETRIDAE,Casilda consecraria,LC,No,LC,No,319338,4523461
GEOMETRIDAE,Cataclysme dissimilata,LC,Yes,LC,Yes,906445,1977977
GEOMETRIDAE,Cataclysme riguata,LC,No,LC,No,711191,1977967
GEOMETRIDAE,Cataclysme uniformata,LC,No,LC,No,937463,1977971
GEOMETRIDAE,Catarhoe basochesiata,LC,No,LC,No,486576,1964189
GEOMETRIDAE,Catarhoe cuculata,LC,No,LC,No,334545,1964195
GEOMETRIDAE,Catarhoe hortulanaria,LC,No,,No,872660,1964180
GEOMETRIDAE,Catarhoe mazeli,DD,No,DD,No,,4524319
GEOMETRIDAE,Catarhoe permixtaria,LC,No,LC,No,1113797,1964179
GEOMETRIDAE,Catarhoe putridaria,LC,No,LC,No,964494,1964225
GEOMETRIDAE,Catarhoe rubidata,NT,No,NT,No,483291,1964191
GEOMETRIDAE,Celonoptera mirificaria,LC,Yes,LC,No,805297,4523970
GEOMETRIDAE,Cepphis advenaria,LC,No,LC,No,450927,1967245
GEOMETRIDAE,Chariaspilates formosaria,EN,No,EN,No,786646,1959876
GEOMETRIDAE,Charissa ambiguata,LC,No,LC,No,546449,4524955
GEOMETRIDAE,Charissa assoi,DD,Yes,DD,Yes,1142427,4524923
GEOMETRIDAE,Charissa canariensis,LC,Yes,LC,Yes,,4524944
GEOMETRIDAE,Charissa corsica,LC,Yes,LC,Yes,876992,4524931
GEOMETRIDAE,Charissa crenulata,LC,Yes,LC,Yes,,4524966
GEOMETRIDAE,Charissa difficilis,DD,No,,No,,
GEOMETRIDAE,Charissa glaucinaria,LC,No,LC,No,546458,4524914
GEOMETRIDAE,Charissa graecaria,LC,No,LC,No,,
GEOMETRIDAE,Charissa intermedia,LC,Yes,LC,No,1100218,4524936
GEOMETRIDAE,Charissa italohelveticus,LC,Yes,DD,No,773703,4524975
GEOMETRIDAE,Charissa mucidaria,NT,No,NT,No,325525,4524929
GEOMETRIDAE,Charissa mutilata,VU,No,VU,No,,4524933
GEOMETRIDAE,Charissa obscurata,LC,No,LC,No,546452,4524951
GEOMETRIDAE,Charissa onustaria,LC,No,LC,No,803454,4524962
GEOMETRIDAE,Charissa peloponnesiaria,DD,Yes,DD,Yes,,9305916
GEOMETRIDAE,Charissa pentheri,DD,Yes,DD,No,,4524932
GEOMETRIDAE,Charissa pfeifferi,DD,No,DD,No,,10645677
GEOMETRIDAE,Charissa predotae,LC,Yes,LC,Yes,782227,4524961
GEOMETRIDAE,Charissa pullata,LC,Yes,LC,No,475334,4524971
GEOMETRIDAE,Charissa staudingeri,LC,No,LC,No,,
GEOMETRIDAE,Charissa subtaurica,LC,No,LC,No,578080,4524925
GEOMETRIDAE,Charissa supinaria,LC,Yes,LC,No,,4524934
GEOMETRIDAE,Charissa turfosaria,,No,,No,,
GEOMETRIDAE,Charissa variegata,LC,Yes,LC,No,578079,4524922
GEOMETRIDAE,Charissa zeitunaria,DD,No,DD,No,,4524965
GEOMETRIDAE,Chemerina caliginearia,NT,No,NT,No,468324,1987650
GEOMETRIDAE,Chesias angeri,CR,Yes,CR,Yes,1103767,1962974
GEOMETRIDAE,Chesias capriata,LC,Yes,LC,Yes,957544,1962977
GEOMETRIDAE,Chesias isabella,LC,No,LC,No,324916,1962961
GEOMETRIDAE,Chesias legatella,LC,No,LC,No,343148,1962990
GEOMETRIDAE,Chesias linogrisearia,LC,Yes,LC,Yes,538939,1962983
GEOMETRIDAE,Chesias rhegmatica,DD,Yes,DD,Yes,870897,1962984
GEOMETRIDAE,Chesias rufata,LC,No,LC,No,466366,1962972
GEOMETRIDAE,Chiasmia aestimaria,LC,No,LC,No,124090,9220953
GEOMETRIDAE,Chiasmia clathrata,LC,No,LC,No,124095,4525078
GEOMETRIDAE,Chlorissa cloraria,LC,No,LC,No,461801,1961037
GEOMETRIDAE,Chlorissa viridata,LC,No,LC,No,465324,1961040
GEOMETRIDAE,Chloroclysta miata,LC,No,LC,No,483298,1963463
GEOMETRIDAE,Chloroclysta siterata,LC,No,LC,No,335485,1963446
GEOMETRIDAE,Chloroclystis v-ata,LC,No,LC,No,324080,1989428
GEOMETRIDAE,Chondrosoma fiduciaria,EN,No,EN,No,1148050,1979513
GEOMETRIDAE,Cidaria fulvata,LC,No,LC,No,322804,5768880
GEOMETRIDAE,Cinglis andalusiaria,LC,No,LC,No,891993,1963587
GEOMETRIDAE,Cinglis humifusaria,DD,No,,No,1133428,1963588
GEOMETRIDAE,Cleora cinctaria,LC,No,LC,No,483355,5769028
GEOMETRIDAE,Cleorodes lichenaria,NT,No,NT,No,429134,1985522
GEOMETRIDAE,Cleta filacearia,VU,No,VU,No,869752,7990739
GEOMETRIDAE,Cleta perpusillaria,DD,No,,No,1148053,9067749
GEOMETRIDAE,Cleta ramosaria,LC,No,LC,No,776466,8916930
GEOMETRIDAE,Coenocalpe lapidata,NT,No,VU,No,483302,1988504
GEOMETRIDAE,Coenocalpe millierata,LC,No,LC,No,1130829,1988506
GEOMETRIDAE,Coenotephria ablutaria,LC,No,LC,No,543016,4524050
GEOMETRIDAE,Coenotephria antonii,VU,Yes,VU,Yes,,
GEOMETRIDAE,Coenotephria christlae,LC,Yes,LC,Yes,,
GEOMETRIDAE,Coenotephria salicata,LC,Yes,LC,No,483296,4524043
GEOMETRIDAE,Coenotephria schneideraria,DD,No,DD,No,,
GEOMETRIDAE,Coenotephria tophaceata,LC,No,LC,No,782223,1979919
GEOMETRIDAE,Colostygia aptata,LC,No,LC,No,778619,1988611
GEOMETRIDAE,Colostygia aqueata,LC,Yes,LC,No,935280,1988580
GEOMETRIDAE,Colostygia austriacaria,EN,Yes,EN,No,,1988577
GEOMETRIDAE,Colostygia cyrnea,DD,Yes,DD,Yes,,1988590
GEOMETRIDAE,Colostygia fitzi,DD,Yes,DD,No,,1988538
GEOMETRIDAE,Colostygia hilariata,LC,Yes,LC,Yes,,1988567
GEOMETRIDAE,Colostygia kitschelti,EN,Yes,EN,Yes,,1988672
GEOMETRIDAE,Colostygia kollariaria,LC,Yes,LC,No,,1988592
GEOMETRIDAE,Colostygia laetaria,LC,Yes,LC,No,1117737,1988661
GEOMETRIDAE,Colostygia multistrigaria,NT,Yes,NT,No,470622,1988602
GEOMETRIDAE,Colostygia olivata,LC,No,LC,No,483301,1988684
GEOMETRIDAE,Colostygia pectinataria,LC,No,LC,No,129158,1988593
GEOMETRIDAE,Colostygia puengeleri,EN,Yes,EN,No,,4523987
GEOMETRIDAE,Colostygia sericeata,LC,No,LC,No,967494,1988571
GEOMETRIDAE,Colostygia stilpna,NT,Yes,NT,Yes,,1988540
GEOMETRIDAE,Colostygia tempestaria,NT,Yes,NT,Yes,1205755,1988681
GEOMETRIDAE,Colostygia turbata,VU,No,VU,No,875552,1988642
GEOMETRIDAE,Colostygia wolfschlaegerae,DD,No,DD,No,1205753,4524035
GEOMETRIDAE,Colotois pennaria,LC,No,LC,No,119858,1968867
GEOMETRIDAE,Comibaena bajularia,LC,No,LC,No,125357,4523522
GEOMETRIDAE,Comibaena pseudoneriaria,LC,Yes,LC,Yes,936225,4523521
GEOMETRIDAE,Compsoptera argentaria,DD,No,DD,No,,1955483
GEOMETRIDAE,Compsoptera jourdanaria,LC,No,LC,No,468476,1955484
GEOMETRIDAE,Compsoptera opacaria,LC,No,LC,No,466466,1955479
GEOMETRIDAE,Cosmorhoe ocellata,LC,No,LC,No,321977,1970213
GEOMETRIDAE,Costaconvexa centrostrigaria,,No,,No,143005,4524223
GEOMETRIDAE,Costaconvexa polygrammata,LC,No,LC,No,337098,4524221
GEOMETRIDAE,Crocallis albarracina,LC,Yes,LC,Yes,1145983,1990536
GEOMETRIDAE,Crocallis auberti,LC,No,LC,No,475739,1990567
GEOMETRIDAE,Crocallis bacalladoi,DD,Yes,DD,Yes,,1990556
GEOMETRIDAE,Crocallis boisduvaliaria,DD,No,DD,No,1127662,4524765
GEOMETRIDAE,Crocallis cypriaca,DD,Yes,DD,Yes,,4524762
GEOMETRIDAE,Crocallis dardoinaria,LC,No,LC,No,483351,1990533
GEOMETRIDAE,Crocallis elinguaria,LC,No,LC,No,124696,1990551
GEOMETRIDAE,Crocallis helenaria,LC,Yes,LC,Yes,1144357,4524764
GEOMETRIDAE,Crocallis matillae,DD,Yes,DD,Yes,,1990558
GEOMETRIDAE,Crocallis tusciaria,LC,No,LC,No,466344,1990582
GEOMETRIDAE,Crocota niveata,EN,Yes,EN,Yes,1159052,1961372
GEOMETRIDAE,Crocota peletieraria,LC,Yes,LC,No,924042,1961378
GEOMETRIDAE,Crocota pseudotinctaria,LC,Yes,LC,No,527000,4524655
GEOMETRIDAE,Crocota tinctaria,LC,Yes,LC,No,62430,1961375
GEOMETRIDAE,Culpinia prouti,DD,No,DD,No,,1972107
GEOMETRIDAE,Cyclophora albiocellaria,LC,No,LC,No,737124,5149780
GEOMETRIDAE,Cyclophora albipunctata,LC,No,LC,No,362808,5149746
GEOMETRIDAE,Cyclophora annularia,LC,No,LC,No,475414,5149768
GEOMETRIDAE,Cyclophora ariadne,LC,Yes,LC,Yes,1144862,5149668
GEOMETRIDAE,Cyclophora azorensis,LC,Yes,LC,Yes,606213,5149655
GEOMETRIDAE,Cyclophora hyponoea,LC,No,LC,No,1151503,5149731
GEOMETRIDAE,Cyclophora lennigiaria,LC,No,LC,No,884514,5149717
GEOMETRIDAE,Cyclophora linearia,LC,No,LC,No,324863,5149675
GEOMETRIDAE,Cyclophora maderensis,LC,Yes,LC,Yes,791852,5149664
GEOMETRIDAE,Cyclophora pendularia,LC,No,LC,No,483278,5149704
GEOMETRIDAE,Cyclophora porata,LC,No,LC,No,324918,5149783
GEOMETRIDAE,Cyclophora punctaria,LC,No,LC,No,81651,5149809
GEOMETRIDAE,Cyclophora puppillaria,LC,No,LC,No,469101,5149787
GEOMETRIDAE,Cyclophora quercimontaria,LC,No,LC,No,875553,5149820
GEOMETRIDAE,Cyclophora ruficiliaria,LC,No,LC,No,325274,5149784
GEOMETRIDAE,Cyclophora serveti,DD,Yes,DD,Yes,,9061717
GEOMETRIDAE,Cyclophora suppunctaria,LC,No,LC,No,548036,5149667
GEOMETRIDAE,Dasycorsa modesta,LC,No,LC,No,531641,1985573
GEOMETRIDAE,Dasypteroma thaumasia,LC,No,LC,No,745719,1991857
GEOMETRIDAE,Deileptenia ribeata,LC,No,LC,No,451873,1978821
GEOMETRIDAE,Dicrognophos sartata,LC,No,LC,No,,
GEOMETRIDAE,Dicrognophos siciliana,LC,Yes,LC,Yes,,
GEOMETRIDAE,Digrammia rippertaria,VU,No,VU,No,173866,4525070
GEOMETRIDAE,Docirava dervenaria,DD,No,DD,No,,4524175
GEOMETRIDAE,Docirava musculata,DD,No,DD,No,,
GEOMETRIDAE,Dyschloropsis impararia,DD,No,,No,,1972415
GEOMETRIDAE,Dyscia conspersaria,VU,No,VU,No,1131692,1959460
GEOMETRIDAE,Dyscia crassipunctaria,LC,Yes,LC,Yes,1149527,1959447
GEOMETRIDAE,Dyscia distinctaria,LC,Yes,LC,Yes,325559,1959473
GEOMETRIDAE,Dyscia fagaria,NT,No,VU,No,483367,1959467
GEOMETRIDAE,Dyscia govii,LC,Yes,LC,Yes,918983,9585248
GEOMETRIDAE,Dyscia innocentaria,LC,No,LC,No,803343,1959461
GEOMETRIDAE,Dyscia lentiscaria,LC,No,LC,No,948573,1959436
GEOMETRIDAE,Dyscia malatyana,DD,No,,No,978262,1959454
GEOMETRIDAE,Dyscia penulataria,LC,No,LC,No,471314,1959423
GEOMETRIDAE,Dyscia raunaria,LC,Yes,LC,No,803344,1959429
GEOMETRIDAE,Dyscia royaria,LC,Yes,LC,Yes,803347,7389850
GEOMETRIDAE,Dyscia simplicaria,DD,Yes,DD,Yes,966003,1959466
GEOMETRIDAE,Dysstroma citrata,LC,No,LC,No,211009,1962516
GEOMETRIDAE,Dysstroma infuscata,LC,No,LC,No,453415,1962401
GEOMETRIDAE,Dysstroma latefasciata,LC,No,LC,No,557960,9812211
GEOMETRIDAE,Dysstroma pseudimmanata,DD,No,,No,453416,1962531
GEOMETRIDAE,Dysstroma truncata,LC,No,LC,No,218844,1962434
GEOMETRIDAE,Earophila badiata,LC,No,LC,No,346630,1957012
GEOMETRIDAE,Ecleora solieraria,LC,Yes,LC,No,318801,1986877
GEOMETRIDAE,Ecliptopera capitata,LC,No,LC,No,475735,1978375
GEOMETRIDAE,Ecliptopera silaceata,LC,No,LC,No,205202,1978445
GEOMETRIDAE,Ectropis crepuscularia,LC,No,LC,No,143009,1980783
GEOMETRIDAE,Eilicrinia cordiaria,LC,No,LC,No,841744,1963710
GEOMETRIDAE,Eilicrinia subcordaria,DD,No,,No,,1963716
GEOMETRIDAE,Eilicrinia trinotata,LC,No,LC,No,851168,1963709
GEOMETRIDAE,Ekboarmia atlanticaria,LC,No,LC,No,900350,1964836
GEOMETRIDAE,Ekboarmia miniaria,EN,Yes,EN,Yes,,9334960
GEOMETRIDAE,Ekboarmia sagnesi,VU,Yes,VU,Yes,,1964840
GEOMETRIDAE,Electrophaes corylata,LC,No,LC,No,467852,1976163
GEOMETRIDAE,Elophos andereggaria,EN,Yes,EN,No,878272,1978609
GEOMETRIDAE,Elophos caelibaria,EN,Yes,EN,No,943525,1978611
GEOMETRIDAE,Elophos operaria,LC,Yes,LC,No,,1978618
GEOMETRIDAE,Elophos zirbitzensis,CR,Yes,CR,Yes,943528,1978641
GEOMETRIDAE,Ematurga atomaria,LC,No,LC,No,,
GEOMETRIDAE,Emmiltis pygmaearia,EN,Yes,EN,No,337026,1985496
GEOMETRIDAE,Enanthyperythra legataria,DD,No,DD,No,875554,4524978
GEOMETRIDAE,Ennomos alniaria,LC,No,LC,No,219175,1957845
GEOMETRIDAE,Ennomos autumnaria,LC,No,LC,No,470963,1957854
GEOMETRIDAE,Ennomos duercki,DD,No,DD,No,,4524419
GEOMETRIDAE,Ennomos effractaria,DD,No,,No,,
GEOMETRIDAE,Ennomos erosaria,LC,No,LC,No,460200,4524426
GEOMETRIDAE,Ennomos fuscantaria,LC,No,LC,No,326360,4524421
GEOMETRIDAE,Ennomos lissochila,DD,Yes,DD,Yes,1141537,4524418
GEOMETRIDAE,Ennomos quercaria,VU,No,VU,No,468691,4524424
GEOMETRIDAE,Ennomos quercinaria,LC,No,LC,No,141848,1957852
GEOMETRIDAE,Entephria byssata,NT,No,NT,No,,5149596
GEOMETRIDAE,Entephria caeruleata,LC,Yes,LC,Yes,,5149528
GEOMETRIDAE,Entephria caesiata,LC,No,LC,No,483294,5149499
GEOMETRIDAE,Entephria contestata,EN,Yes,LC,No,,5149502
GEOMETRIDAE,Entephria cyanata,EN,No,EN,No,780115,5149569
GEOMETRIDAE,Entephria flavata,LC,Yes,LC,No,,5149562
GEOMETRIDAE,Entephria flavicinctata,LC,No,LC,No,483293,5149548
GEOMETRIDAE,Entephria infidaria,NT,No,NT,No,630920,5149534
GEOMETRIDAE,Entephria nobiliaria,LC,Yes,LC,No,1049357,5149597
GEOMETRIDAE,Entephria polata,LC,No,LC,No,219204,5149529
GEOMETRIDAE,Epilobophora sabinata,LC,Yes,LC,No,906354,1990205
GEOMETRIDAE,Epione repandaria,LC,No,LC,No,324579,1975546
GEOMETRIDAE,Epione vespertaria,LC,No,LC,No,483348,1975553
GEOMETRIDAE,Epirranthis diversata,LC,No,LC,No,809889,1956710
GEOMETRIDAE,Epirrhoe alternata,LC,No,LC,No,127618,8361848
GEOMETRIDAE,Epirrhoe balearia,DD,Yes,DD,Yes,,10239673
GEOMETRIDAE,Epirrhoe galiata,LC,No,LC,No,483292,1964637
GEOMETRIDAE,Epirrhoe hastulata,LC,No,LC,No,809966,1964622
GEOMETRIDAE,Epirrhoe molluginata,NT,No,NT,No,778442,4524292
GEOMETRIDAE,Epirrhoe pupillata,DD,No,EN,No,810571,1964650
GEOMETRIDAE,Epirrhoe rivata,LC,No,LC,No,475625,1964657
GEOMETRIDAE,Epirrhoe sandosaria,LC,No,LC,No,1152884,4524290
GEOMETRIDAE,Epirrhoe tartuensis,NT,No,NT,No,854497,1964589
GEOMETRIDAE,Epirrhoe timozzaria,DD,Yes,DD,Yes,,1964581
GEOMETRIDAE,Epirrhoe tristata,LC,No,LC,No,127853,1964653
GEOMETRIDAE,Epirrita autumnata,LC,No,LC,No,173571,4523560
GEOMETRIDAE,Epirrita christyi,LC,No,LC,No,483309,4523556
GEOMETRIDAE,Epirrita dilutata,LC,No,LC,No,343156,4523564
GEOMETRIDAE,Epirrita filigrammaria,NT,Yes,NT,No,483310,4523558
GEOMETRIDAE,Epirrita terminassianae,DD,No,DD,No,,4523555
GEOMETRIDAE,Episauris kiliani,LC,Yes,DD,No,865349,1956897
GEOMETRIDAE,Erannis ankeraria,EN,No,EN,No,,1956627
GEOMETRIDAE,Erannis declinans,DD,No,DD,No,1144390,1956639
GEOMETRIDAE,Erannis defoliaria,LC,No,LC,No,335848,1956599
GEOMETRIDAE,Euchoeca nebulata,LC,No,LC,No,451949,1988881
GEOMETRIDAE,Eucrostes indigenata,LC,No,LC,No,881078,1968837
GEOMETRIDAE,Eulithis mellinata,LC,No,LC,No,452679,1965777
GEOMETRIDAE,Eulithis peloponnesiaca,DD,Yes,DD,Yes,,1965839
GEOMETRIDAE,Eulithis populata,LC,No,LC,No,333913,1965795
GEOMETRIDAE,Eulithis prunata,LC,No,LC,No,324583,1965825
GEOMETRIDAE,Eulithis pyropata,LC,No,LC,No,606259,1965810
GEOMETRIDAE,Eulithis testata,LC,No,LC,No,219751,1965763
GEOMETRIDAE,Eumannia arenbergeri,DD,Yes,DD,Yes,,4524450
GEOMETRIDAE,Eumannia oppositaria,DD,No,DD,No,875556,1978094
GEOMETRIDAE,Eumannia oranaria,LC,No,LC,No,906426,1978095
GEOMETRIDAE,Eumera mulier,DD,Yes,DD,Yes,,1962135
GEOMETRIDAE,Eumera regina,LC,No,LC,No,1138223,1962133
GEOMETRIDAE,Euphyia adumbraria,LC,Yes,LC,No,,1965243
GEOMETRIDAE,Euphyia biangulata,LC,No,NT,No,363470,1965208
GEOMETRIDAE,Euphyia frustata,LC,No,LC,No,558211,1965197
GEOMETRIDAE,Euphyia mesembrina,NT,Yes,NT,No,,1965409
GEOMETRIDAE,Euphyia unangulata,LC,No,LC,No,120272,1965166
GEOMETRIDAE,Euphyia vallantinaria,DD,No,DD,No,,1965462
GEOMETRIDAE,Eupithecia abbreviata,LC,No,LC,No,324924,1984117
GEOMETRIDAE,Eupithecia abietaria,LC,No,LC,No,357384,1983997
GEOMETRIDAE,Eupithecia absinthiata,LC,No,LC,No,143103,1983896
GEOMETRIDAE,Eupithecia actaeata,LC,No,LC,No,787366,1983758
GEOMETRIDAE,Eupithecia addictata,LC,No,LC,No,875557,1983679
GEOMETRIDAE,Eupithecia aggregata,,No,,No,,1984136
GEOMETRIDAE,Eupithecia alliaria,LC,No,LC,No,870599,1983182
GEOMETRIDAE,Eupithecia analoga,LC,No,LC,No,811582,1983988
GEOMETRIDAE,Eupithecia antalica,LC,No,LC,No,,4523879
GEOMETRIDAE,Eupithecia assimilata,LC,No,LC,No,219790,1982746
GEOMETRIDAE,Eupithecia atlanticata,DD,Yes,DD,Yes,,1982677
GEOMETRIDAE,Eupithecia barteli,,No,,No,,1982589
GEOMETRIDAE,Eupithecia biornata,DD,No,DD,No,875558,1982409
GEOMETRIDAE,Eupithecia boryata,LC,Yes,LC,Yes,842020,1984078
GEOMETRIDAE,Eupithecia breviculata,LC,No,LC,No,468700,1984033
GEOMETRIDAE,Eupithecia carpophagata,EN,Yes,EN,No,869747,1983767
GEOMETRIDAE,Eupithecia cauchiata,NT,Yes,NT,No,483327,1983616
GEOMETRIDAE,Eupithecia centaureata,LC,No,LC,No,325476,1983525
GEOMETRIDAE,Eupithecia cerussaria,DD,No,DD,No,,1983409
GEOMETRIDAE,Eupithecia chalikophila,DD,No,DD,No,1152893,1983369
GEOMETRIDAE,Eupithecia cocciferata,LC,No,LC,No,869897,1983101
GEOMETRIDAE,Eupithecia conterminata,LC,No,LC,No,954960,1982791
GEOMETRIDAE,Eupithecia cooptata,DD,Yes,DD,Yes,,1982731
GEOMETRIDAE,Eupithecia cretaceata,LC,Yes,LC,No,219800,1982533
GEOMETRIDAE,Eupithecia cuculliaria,LC,No,LC,No,869744,1982455
GEOMETRIDAE,Eupithecia denotata,LC,No,LC,No,483329,1983694
GEOMETRIDAE,Eupithecia denticulata,NT,No,NT,No,875559,1983841
GEOMETRIDAE,Eupithecia dissertata,DD,No,DD,No,,1983570
GEOMETRIDAE,Eupithecia distinctaria,LC,No,LC,No,475990,1983535
GEOMETRIDAE,Eupithecia dodoneata,LC,No,LC,No,325267,1983442
GEOMETRIDAE,Eupithecia druentiata,LC,Yes,LC,No,,1983302
GEOMETRIDAE,Eupithecia dubiosa,DD,No,DD,No,1068044,1983426
GEOMETRIDAE,Eupithecia egenaria,LC,No,LC,No,483321,1983111
GEOMETRIDAE,Eupithecia ericeata,LC,No,LC,No,497116,1982924
GEOMETRIDAE,Eupithecia exiguata,LC,No,LC,No,319746,1982628
GEOMETRIDAE,Eupithecia expallidata,LC,No,LC,No,483328,1982526
GEOMETRIDAE,Eupithecia extensaria,EN,No,EN,No,483333,1982489
GEOMETRIDAE,Eupithecia extraversaria,LC,No,NT,No,811077,1982404
GEOMETRIDAE,Eupithecia extremata,NT,No,NT,No,699386,1982383
GEOMETRIDAE,Eupithecia fennoscandica,NT,No,NT,No,1047209,1984053
GEOMETRIDAE,Eupithecia furcata,DD,No,,No,,1983734
GEOMETRIDAE,Eupithecia fuscicostata,DD,No,DD,No,,1984126
GEOMETRIDAE,Eupithecia gelidata,LC,No,LC,No,219802,1983646
GEOMETRIDAE,Eupithecia gemellata,LC,No,LC,No,804889,1983571
GEOMETRIDAE,Eupithecia gomerensis,DD,Yes,DD,Yes,,1983418
GEOMETRIDAE,Eupithecia goossensiata,LC,Yes,LC,No,,1983394
GEOMETRIDAE,Eupithecia graphata,LC,No,LC,No,870731,1983209
GEOMETRIDAE,Eupithecia gratiosata,LC,No,LC,No,804890,1983034
GEOMETRIDAE,Eupithecia groenblomi,LC,No,LC,No,954974,1982980
GEOMETRIDAE,Eupithecia gueneata,LC,No,LC,No,787365,1982972
GEOMETRIDAE,Eupithecia gypsophilata,DD,Yes,DD,Yes,,9300963
GEOMETRIDAE,Eupithecia haworthiata,LC,No,LC,No,483317,1982838
GEOMETRIDAE,Eupithecia icterata,LC,No,LC,No,325897,1982500
GEOMETRIDAE,Eupithecia immundata,LC,Yes,LC,No,991430,1984038
GEOMETRIDAE,Eupithecia impurata,LC,No,LC,No,1021684,1983967
GEOMETRIDAE,Eupithecia inconspicuata,DD,No,DD,No,,1983815
GEOMETRIDAE,Eupithecia indigata,LC,No,LC,No,354878,1983755
GEOMETRIDAE,Eupithecia innotata,LC,No,LC,No,483334,1983548
GEOMETRIDAE,Eupithecia insigniata,NT,No,NT,No,355007,1983387
GEOMETRIDAE,Eupithecia intricata,LC,No,LC,No,219806,1983288
GEOMETRIDAE,Eupithecia inturbata,LC,No,LC,No,483316,1983170
GEOMETRIDAE,Eupithecia irriguata,LC,No,LC,No,451265,1983061
GEOMETRIDAE,Eupithecia karadaghensis,DD,No,,No,875560,4523850
GEOMETRIDAE,Eupithecia lanceata,LC,No,LC,No,797810,1982529
GEOMETRIDAE,Eupithecia laquaearia,LC,No,LC,No,519065,1982458
GEOMETRIDAE,Eupithecia lariciata,LC,No,LC,No,219810,1982406
GEOMETRIDAE,Eupithecia latipennata,DD,Yes,DD,Yes,,1983960
GEOMETRIDAE,Eupithecia lentiscata,LC,Yes,LC,Yes,,1983878
GEOMETRIDAE,Eupithecia liguriata,LC,No,LC,No,470624,1983773
GEOMETRIDAE,Eupithecia limbata,LC,No,LC,No,978253,1983717
GEOMETRIDAE,Eupithecia linariata,LC,No,LC,No,472233,1983648
GEOMETRIDAE,Eupithecia mandarinca,DD,No,,No,,
GEOMETRIDAE,Eupithecia marginata,,No,,No,,1983144
GEOMETRIDAE,Eupithecia maspalomae,DD,Yes,DD,Yes,,1983097
GEOMETRIDAE,Eupithecia massiliata,LC,No,LC,No,1145379,1983088
GEOMETRIDAE,Eupithecia millefoliata,LC,No,LC,No,483330,1982770
GEOMETRIDAE,Eupithecia minusculata,LC,No,LC,No,716209,1982683
GEOMETRIDAE,Eupithecia moecha,DD,No,,No,,1982459
GEOMETRIDAE,Eupithecia mystica,DD,No,DD,No,875561,1983895
GEOMETRIDAE,Eupithecia nanata,LC,No,LC,No,460198,1983845
GEOMETRIDAE,Eupithecia ochridata,LC,No,LC,No,875563,1983239
GEOMETRIDAE,Eupithecia orana,LC,No,LC,No,1152906,1983062
GEOMETRIDAE,Eupithecia orphnata,NT,No,NT,No,991432,1982965
GEOMETRIDAE,Eupithecia oxycedrata,LC,No,LC,No,466343,1982918
GEOMETRIDAE,Eupithecia pantellata,LC,No,LC,No,466330,1982779
GEOMETRIDAE,Eupithecia pauxillaria,LC,Yes,LC,No,875564,1983756
GEOMETRIDAE,Eupithecia pernotata,NT,No,NT,No,875565,1982372
GEOMETRIDAE,Eupithecia phoeniceata,LC,No,LC,No,429175,1983888
GEOMETRIDAE,Eupithecia pimpinellata,LC,No,LC,No,483332,1982592
GEOMETRIDAE,Eupithecia plumbeolata,LC,No,LC,No,483318,1983558
GEOMETRIDAE,Eupithecia poecilata,DD,Yes,DD,Yes,,1983439
GEOMETRIDAE,Eupithecia praealta,DD,No,DD,No,,1983390
GEOMETRIDAE,Eupithecia pulchellata,LC,No,LC,No,325275,1983000
GEOMETRIDAE,Eupithecia pusillata,LC,No,LC,No,470707,1982541
GEOMETRIDAE,Eupithecia pygmaeata,LC,No,LC,No,219825,1982667
GEOMETRIDAE,Eupithecia pyreneata,LC,No,LC,No,875566,1982596
GEOMETRIDAE,Eupithecia quercetica,LC,No,LC,No,872703,1982494
GEOMETRIDAE,Eupithecia reisserata,LC,No,LC,No,1145377,4523860
GEOMETRIDAE,Eupithecia riparia,DD,Yes,DD,No,,1983912
GEOMETRIDAE,Eupithecia rosai,LC,Yes,LC,Yes,992720,1983820
GEOMETRIDAE,Eupithecia rosmarinata,LC,No,LC,No,466350,1983810
GEOMETRIDAE,Eupithecia santolinata,DD,Yes,DD,Yes,,1983468
GEOMETRIDAE,Eupithecia sardoa,DD,No,DD,No,,1983450
GEOMETRIDAE,Eupithecia satyrata,LC,No,LC,No,219829,1983441
GEOMETRIDAE,Eupithecia scalptata,DD,No,DD,No,1145385,1983147
GEOMETRIDAE,Eupithecia schiefereri,NT,No,NT,No,804892,1983138
GEOMETRIDAE,Eupithecia schuetzeata,LC,Yes,LC,Yes,1046846,1983083
GEOMETRIDAE,Eupithecia scopariata,LC,No,LC,No,915504,1983039
GEOMETRIDAE,Eupithecia selinata,LC,No,LC,No,868688,1982867
GEOMETRIDAE,Eupithecia semigraphata,LC,No,LC,No,563832,1982790
GEOMETRIDAE,Eupithecia senorita,LC,No,LC,No,1152909,4523803
GEOMETRIDAE,Eupithecia silenata,VU,No,VU,No,977203,1983190
GEOMETRIDAE,Eupithecia silenicolata,LC,No,LC,No,804894,1984070
GEOMETRIDAE,Eupithecia simpliciata,LC,No,LC,No,363253,1983999
GEOMETRIDAE,Eupithecia sinuosaria,VU,No,VU,No,483331,1983922
GEOMETRIDAE,Eupithecia spadiceata,DD,No,DD,No,875567,1983768
GEOMETRIDAE,Eupithecia spissilineata,LC,No,LC,No,804895,1983681
GEOMETRIDAE,Eupithecia stertzi,LC,Yes,LC,Yes,874194,1983586
GEOMETRIDAE,Eupithecia subfuscata,LC,No,LC,No,219837,1983260
GEOMETRIDAE,Eupithecia suboxydata,DD,No,,No,954991,1983120
GEOMETRIDAE,Eupithecia subumbrata,LC,No,LC,No,344868,1982525
GEOMETRIDAE,Eupithecia succenturiata,LC,No,LC,No,324394,1982885
GEOMETRIDAE,Eupithecia sutiliata,DD,No,DD,No,,1982749
GEOMETRIDAE,Eupithecia tantillaria,LC,No,LC,No,319713,1982636
GEOMETRIDAE,Eupithecia tenerifensis,LC,Yes,LC,Yes,874195,1982412
GEOMETRIDAE,Eupithecia tenuiata,LC,No,LC,No,483315,1982376
GEOMETRIDAE,Eupithecia thalictrata,VU,No,VU,No,854498,1983950
GEOMETRIDAE,Eupithecia tripunctaria,LC,No,LC,No,219839,1983705
GEOMETRIDAE,Eupithecia trisignaria,LC,No,LC,No,483322,1983645
GEOMETRIDAE,Eupithecia ultimaria,LC,No,LC,No,318800,1983528
GEOMETRIDAE,Eupithecia undata,VU,Yes,VU,No,,1982445
GEOMETRIDAE,Eupithecia unedonata,LC,No,LC,No,497117,1983393
GEOMETRIDAE,Eupithecia unitaria,DD,No,DD,No,1152918,1983319
GEOMETRIDAE,Eupithecia usbeca,DD,No,,No,,4523813
GEOMETRIDAE,Eupithecia valerianata,LC,No,LC,No,483319,1983208
GEOMETRIDAE,Eupithecia variostrigata,LC,No,LC,No,875568,1983160
GEOMETRIDAE,Eupithecia venosata,LC,No,LC,No,483320,1983052
GEOMETRIDAE,Eupithecia veratraria,LC,No,LC,No,476092,1982878
GEOMETRIDAE,Eupithecia virgaureata,LC,No,LC,No,354673,1982671
GEOMETRIDAE,Eupithecia vulgata,LC,No,LC,No,319747,1982542
GEOMETRIDAE,Eupithecia weissi,LC,No,LC,No,1152921,1982793
GEOMETRIDAE,Eurranthis plummistaria,LC,No,LC,No,495900,4524541
GEOMETRIDAE,Eustroma reticulata,LC,No,LC,No,483300,5149315
GEOMETRIDAE,Fagivorina arenaria,NT,Yes,NT,No,483357,1965640
GEOMETRIDAE,Gagitodes sagittata,VU,No,VU,No,811639,4523577
GEOMETRIDAE,Gandaritis pyraliata,LC,No,LC,No,141849,4523983
GEOMETRIDAE,Geometra papilionaria,LC,No,LC,No,51974,5144534
GEOMETRIDAE,Gerinia honoraria,VU,No,VU,No,,
GEOMETRIDAE,Gnophos furvata,LC,Yes,LC,No,475333,1969339
GEOMETRIDAE,Gnophos obfuscata,LC,No,LC,No,483362,1969291
GEOMETRIDAE,Gymnoscelis insulariata,LC,Yes,LC,Yes,915134,5149866
GEOMETRIDAE,Gymnoscelis rufifasciata,LC,No,LC,No,311619,1992066
GEOMETRIDAE,Gypsochroa renitidata,DD,No,DD,No,892862,1960527
GEOMETRIDAE,Heliomata glarearia,LC,No,LC,No,519055,4525068
GEOMETRIDAE,Heliothea discoidaria,LC,No,LC,No,511379,1973300
GEOMETRIDAE,Hemistola chrysoprasaria,LC,No,LC,No,430528,1991179
GEOMETRIDAE,Hemistola siciliana,LC,Yes,LC,Yes,843961,1991167
GEOMETRIDAE,Hemithea aestivaria,LC,No,LC,No,322722,1991371
GEOMETRIDAE,Herbulotina grandis,LC,Yes,LC,Yes,874189,4523946
GEOMETRIDAE,Herbulotina maderae,DD,Yes,DD,Yes,,4523945
GEOMETRIDAE,Heterolocha laminaria,DD,No,,No,951102,5149000
GEOMETRIDAE,Heterothera serraria,LC,No,NT,No,937600,4523979
GEOMETRIDAE,Heterothera taigana,DD,No,,No,914260,4523981
GEOMETRIDAE,Holarctias rufinaria,DD,No,,No,177832,1971789
GEOMETRIDAE,Holoterpna pruinosata,DD,No,DD,No,546328,1988247
GEOMETRIDAE,Horisme aemulata,LC,No,LC,No,871310,1971896
GEOMETRIDAE,Horisme aquata,EN,No,EN,No,483567,1971906
GEOMETRIDAE,Horisme calligraphata,LC,No,VU,No,937483,1971850
GEOMETRIDAE,Horisme corticata,LC,No,LC,No,752787,1971847
GEOMETRIDAE,Horisme exoletata,VU,Yes,VU,Yes,,1971946
GEOMETRIDAE,Horisme predotai,DD,Yes,DD,Yes,,1971932
GEOMETRIDAE,Horisme radicaria,LC,Yes,LC,No,558201,1971986
GEOMETRIDAE,Horisme scorteata,LC,No,LC,No,1145214,1971852
GEOMETRIDAE,Horisme tersata,LC,No,LC,No,362728,1971888
GEOMETRIDAE,Horisme vitalbata,LC,No,LC,No,182469,1971858
GEOMETRIDAE,Hospitalia flavolineata,LC,No,LC,No,466359,1991846
GEOMETRIDAE,Hydrelia flammeolaria,LC,No,LC,No,324090,5146379
GEOMETRIDAE,Hydrelia sylvata,LC,No,LC,No,460208,5146342
GEOMETRIDAE,Hydria cervinalis,LC,No,LC,No,470652,4523725
GEOMETRIDAE,Hydria gudarica,LC,No,LC,No,1152938,4523740
GEOMETRIDAE,Hydria montivagata,LC,No,LC,No,1153372,4523735
GEOMETRIDAE,Hydria undulata,LC,No,LC,No,,4302259
GEOMETRIDAE,Hydriomena furcata,LC,No,LC,No,221602,1979473
GEOMETRIDAE,Hydriomena impluviata,LC,No,LC,No,324925,1979308
GEOMETRIDAE,Hydriomena ruberata,LC,No,LC,No,221608,1979430
GEOMETRIDAE,Hydriomena sanfilensis,LC,Yes,LC,Yes,,1979285
GEOMETRIDAE,Hylaea fasciaria,LC,No,LC,No,322808,5143651
GEOMETRIDAE,Hylaea mediterranea,LC,Yes,LC,Yes,465806,9878032
GEOMETRIDAE,Hylaea pinicolaria,LC,Yes,LC,Yes,541640,5143645
GEOMETRIDAE,Hypomecis punctinalis,LC,No,LC,No,320063,4524638
GEOMETRIDAE,Hypomecis roboraria,LC,No,LC,No,468556,4524636
GEOMETRIDAE,Hypoxystis pluviaria,LC,No,NT,No,784340,1961190
GEOMETRIDAE,Idaea abnorma,LC,Yes,LC,Yes,,5147411
GEOMETRIDAE,Idaea acutipennis,DD,Yes,DD,Yes,,8720447
GEOMETRIDAE,Idaea admiranda,DD,No,,No,,
GEOMETRIDAE,Idaea albitorquata,LC,No,LC,No,897789,5147231
GEOMETRIDAE,Idaea alicantaria,LC,Yes,LC,Yes,1122798,5147165
GEOMETRIDAE,Idaea alyssumata,LC,Yes,LC,No,781878,5147099
GEOMETRIDAE,Idaea atlantica,LC,Yes,LC,Yes,856579,5146785
GEOMETRIDAE,Idaea attenuaria,LC,No,LC,No,709362,5146774
GEOMETRIDAE,Idaea aureolaria,LC,No,LC,No,472304,5146762
GEOMETRIDAE,Idaea aversata,LC,No,LC,No,123658,5146559
GEOMETRIDAE,Idaea bacalladoi,DD,Yes,DD,Yes,959864,5147268
GEOMETRIDAE,Idaea barbuti,DD,Yes,DD,Yes,,9322631
GEOMETRIDAE,Idaea belemiata,LC,No,LC,No,502496,5147145
GEOMETRIDAE,Idaea bigladiata,LC,No,LC,No,466372,5147071
GEOMETRIDAE,Idaea biselata,LC,No,LC,No,362141,5146961
GEOMETRIDAE,Idaea blaesii,LC,No,LC,No,896195,8765462
GEOMETRIDAE,Idaea calunetaria,VU,No,VU,No,468720,5146693
GEOMETRIDAE,Idaea camparia,LC,No,LC,No,569821,5146601
GEOMETRIDAE,Idaea carvalhoi,LC,Yes,LC,Yes,466345,5146420
GEOMETRIDAE,Idaea cervantaria,LC,No,LC,No,468724,5147437
GEOMETRIDAE,Idaea charitata,LC,Yes,LC,Yes,1045398,5147374
GEOMETRIDAE,Idaea circuitaria,LC,No,LC,No,567413,5147248
GEOMETRIDAE,Idaea completa,DD,No,DD,No,1096332,5147095
GEOMETRIDAE,Idaea consanguiberica,LC,Yes,LC,Yes,1122289,5147041
GEOMETRIDAE,Idaea consanguinaria,LC,No,LC,No,809385,5147030
GEOMETRIDAE,Idaea consolidata,LC,No,LC,No,1130961,5146952
GEOMETRIDAE,Idaea contiguaria,NT,Yes,NT,No,483282,5146942
GEOMETRIDAE,Idaea degeneraria,LC,No,LC,No,318537,5147441
GEOMETRIDAE,Idaea deitanaria,LC,Yes,LC,Yes,1152250,5147287
GEOMETRIDAE,Idaea descitaria,DD,No,,No,815893,5147098
GEOMETRIDAE,Idaea determinata,LC,No,LC,No,,5147078
GEOMETRIDAE,Idaea deversaria,LC,No,LC,No,548932,5147011
GEOMETRIDAE,Idaea dilutaria,LC,No,LC,No,483280,5146862
GEOMETRIDAE,Idaea dimidiata,LC,No,LC,No,205231,5146677
GEOMETRIDAE,Idaea distinctaria,LC,No,LC,No,552538,5146476
GEOMETRIDAE,Idaea dromikos,LC,Yes,LC,Yes,1115401,8770244
GEOMETRIDAE,Idaea efflorata,LC,No,LC,No,497591,5147560
GEOMETRIDAE,Idaea elongaria,LC,No,LC,No,497399,5147415
GEOMETRIDAE,Idaea emarginata,LC,No,LC,No,460201,5147245
GEOMETRIDAE,Idaea eugeniata,LC,No,LC,No,318960,5146908
GEOMETRIDAE,Idaea figuraria,LC,No,LC,No,,5146525
GEOMETRIDAE,Idaea filicata,LC,No,LC,No,470484,5146516
GEOMETRIDAE,Idaea flaveolaria,VU,Yes,VU,No,603006,5147534
GEOMETRIDAE,Idaea fractilineata,LC,No,LC,No,1121916,5147395
GEOMETRIDAE,Idaea fuerteventurensis,DD,Yes,DD,Yes,,5147271
GEOMETRIDAE,Idaea fuscovenosa,LC,No,LC,No,322140,5147193
GEOMETRIDAE,Idaea gelbrechti,DD,No,DD,No,1152254,11693030
GEOMETRIDAE,Idaea humiliata,LC,No,LC,No,359541,5146611
GEOMETRIDAE,Idaea ibizaria,DD,Yes,DD,Yes,,5146529
GEOMETRIDAE,Idaea incalcarata,LC,Yes,LC,No,895433,5147513
GEOMETRIDAE,Idaea incisaria,LC,No,LC,No,546913,5147212
GEOMETRIDAE,Idaea inclinata,DD,No,DD,No,1077969,5147342
GEOMETRIDAE,Idaea infirmaria,LC,No,LC,No,470680,5147319
GEOMETRIDAE,Idaea inquinata,LC,No,LC,No,466365,5147150
GEOMETRIDAE,Idaea intermedia,LC,No,LC,No,701914,5146894
GEOMETRIDAE,Idaea joannisiata,LC,Yes,LC,Yes,1152270,5146651
GEOMETRIDAE,Idaea josephinae,DD,Yes,DD,Yes,,11160457
GEOMETRIDAE,Idaea korbi,LC,Yes,LC,Yes,,5146595
GEOMETRIDAE,Idaea laevigata,LC,No,LC,No,466745,5146510
GEOMETRIDAE,Idaea leipnitzi,DD,Yes,DD,No,551762,8918216
GEOMETRIDAE,Idaea libycata,LC,No,LC,No,938057,5147300
GEOMETRIDAE,Idaea litigiosaria,LC,No,LC,No,907700,5147155
GEOMETRIDAE,Idaea longaria,LC,No,LC,No,466361,5147058
GEOMETRIDAE,Idaea lusohispanica,LC,Yes,LC,Yes,468696,5146927
GEOMETRIDAE,Idaea luteolaria,LC,Yes,LC,No,,5146548
GEOMETRIDAE,Idaea lutulentaria,LC,Yes,LC,Yes,740210,5146899
GEOMETRIDAE,Idaea macilentaria,LC,No,LC,No,499834,5146853
GEOMETRIDAE,Idaea maderae,DD,Yes,DD,Yes,917415,5146691
GEOMETRIDAE,Idaea mancipiata,LC,No,LC,No,734858,5146619
GEOMETRIDAE,Idaea mediaria,LC,No,LC,No,622839,8067894
GEOMETRIDAE,Idaea metohiensis,DD,No,DD,No,622829,5147405
GEOMETRIDAE,Idaea millesima,DD,Yes,DD,Yes,,
GEOMETRIDAE,Idaea mimosaria,DD,No,DD,No,,5147207
GEOMETRIDAE,Idaea minuscularia,LC,No,LC,No,468460,5146917
GEOMETRIDAE,Idaea moniliata,LC,No,LC,No,551245,5147171
GEOMETRIDAE,Idaea muricata,LC,No,LC,No,465848,5147062
GEOMETRIDAE,Idaea mustelata,LC,No,LC,No,493229,5147424
GEOMETRIDAE,Idaea mutilata,LC,Yes,LC,Yes,,5146846
GEOMETRIDAE,Idaea neglecta,DD,Yes,DD,Yes,,8956908
GEOMETRIDAE,Idaea nevadata,NT,Yes,NT,Yes,1152272,5146706
GEOMETRIDAE,Idaea nexata,LC,No,LC,No,1184040,5146660
GEOMETRIDAE,Idaea nigra,DD,Yes,DD,Yes,,5146721
GEOMETRIDAE,Idaea nigrolineata,LC,No,LC,No,1152271,5146553
GEOMETRIDAE,Idaea nitidata,DD,No,DD,No,875569,5146528
GEOMETRIDAE,Idaea obliquaria,DD,Yes,DD,Yes,879158,5147536
GEOMETRIDAE,Idaea obsoletaria,LC,No,LC,No,470692,5147492
GEOMETRIDAE,Idaea ochrata,LC,No,LC,No,362140,5147354
GEOMETRIDAE,Idaea ossiculata,LC,No,LC,No,875570,5147055
GEOMETRIDAE,Idaea ostrinaria,LC,No,LC,No,467144,5147043
GEOMETRIDAE,Idaea palaestinensis,LC,No,LC,No,801689,5146921
GEOMETRIDAE,Idaea pallidata,LC,No,LC,No,740868,5146883
GEOMETRIDAE,Idaea palmata,DD,Yes,DD,Yes,,5146838
GEOMETRIDAE,Idaea peluraria,DD,No,DD,No,,5146627
GEOMETRIDAE,Idaea politaria,LC,No,LC,No,497998,5147516
GEOMETRIDAE,Idaea predotaria,LC,No,LC,No,466358,5146440
GEOMETRIDAE,Idaea purpurariata,LC,Yes,LC,Yes,,5147110
GEOMETRIDAE,Idaea rainerii,LC,No,LC,No,549316,8913138
GEOMETRIDAE,Idaea rhodogrammaria,LC,No,LC,No,551659,5146852
GEOMETRIDAE,Idaea robiginata,LC,Yes,LC,Yes,1122875,5146821
GEOMETRIDAE,Idaea rubraria,LC,No,LC,No,558202,5147016
GEOMETRIDAE,Idaea rufaria,LC,No,LC,No,497400,5146599
GEOMETRIDAE,Idaea rupicolaria,EN,Yes,EN,Yes,1122775,5146936
GEOMETRIDAE,Idaea rusticata,LC,No,LC,No,450926,5147478
GEOMETRIDAE,Idaea saleri,EN,Yes,EN,Yes,1152274,5147340
GEOMETRIDAE,Idaea sardoniata,LC,Yes,LC,Yes,466348,5147259
GEOMETRIDAE,Idaea seriata,LC,No,LC,No,322983,5147039
GEOMETRIDAE,Idaea sericeata,LC,No,LC,No,708189,5146833
GEOMETRIDAE,Idaea serpentata,LC,No,LC,No,483279,5146659
GEOMETRIDAE,Idaea simplicior,LC,No,LC,No,,5147059
GEOMETRIDAE,Idaea spissilimbaria,DD,Yes,DD,Yes,,5147249
GEOMETRIDAE,Idaea squalidaria,NT,Yes,NT,No,1122288,5147238
GEOMETRIDAE,Idaea straminata,LC,No,LC,No,320964,5147208
GEOMETRIDAE,Idaea subsaturata,LC,No,LC,No,1040784,5146920
GEOMETRIDAE,Idaea subsericeata,LC,No,LC,No,483281,5146837
GEOMETRIDAE,Idaea sylvestraria,NT,No,NT,No,475407,5146496
GEOMETRIDAE,Idaea textaria,LC,No,LC,No,978232,5147412
GEOMETRIDAE,Idaea tineata,LC,No,LC,No,896194,5147368
GEOMETRIDAE,Idaea trigeminata,NT,No,NT,No,460207,5147232
GEOMETRIDAE,Idaea troglodytaria,DD,No,DD,No,1232614,5147068
GEOMETRIDAE,Idaea typicata,LC,No,LC,No,750942,5147002
GEOMETRIDAE,Idaea unicalcarata,DD,No,DD,No,,5146808
GEOMETRIDAE,Idaea urcitana,VU,Yes,VU,Yes,1152275,5146786
GEOMETRIDAE,Idaea vesubiata,DD,Yes,DD,Yes,896191,5146666
GEOMETRIDAE,Idaea vilaflorensis,LC,Yes,LC,Yes,,5146643
GEOMETRIDAE,Idaea volloni,DD,No,DD,No,,5146534
GEOMETRIDAE,Isturgia arenacearia,LC,No,LC,No,367882,4525095
GEOMETRIDAE,Isturgia assimilaria,DD,Yes,DD,Yes,876514,4525082
GEOMETRIDAE,Isturgia berytaria,LC,No,LC,No,,4525089
GEOMETRIDAE,Isturgia catalaunaria,LC,No,LC,No,671266,4525097
GEOMETRIDAE,Isturgia deerraria,LC,No,LC,No,605755,6118530
GEOMETRIDAE,Isturgia disputaria,,No,,No,534678,4525084
GEOMETRIDAE,Isturgia famula,NT,No,NT,No,321980,4525091
GEOMETRIDAE,Isturgia homochromata,CR,Yes,CR,Yes,,
GEOMETRIDAE,Isturgia limbaria,NT,Yes,NT,No,464787,1987578
GEOMETRIDAE,Isturgia messapiaria,EN,Yes,EN,Yes,,
GEOMETRIDAE,Isturgia miniosaria,VU,No,VU,No,320147,4525103
GEOMETRIDAE,Isturgia murinaria,LC,No,LC,No,875571,4525086
GEOMETRIDAE,Isturgia roraria,LC,No,LC,No,1121267,1987558
GEOMETRIDAE,Isturgia sparsaria,LC,Yes,LC,Yes,,
GEOMETRIDAE,Isturgia spodiaria,LC,No,LC,No,954887,4525093
GEOMETRIDAE,Isturgia tennoa,DD,Yes,DD,Yes,810551,4525109
GEOMETRIDAE,Itame vincularia,NT,No,NT,No,319207,1973801
GEOMETRIDAE,Ithysia pravata,DD,Yes,,No,875572,1975831
GEOMETRIDAE,Jodis lactearia,LC,No,LC,No,475342,1978065
GEOMETRIDAE,Jodis putata,LC,No,LC,No,464319,1978056
GEOMETRIDAE,Juxtephria consentaria,DD,No,,No,,1972900
GEOMETRIDAE,Kresnaia beschkovi,NT,No,NT,No,,
GEOMETRIDAE,Kuchleria insignata,LC,No,LC,No,553965,4523486
GEOMETRIDAE,Kuchleria menadiara,DD,No,DD,No,1158851,4523485
GEOMETRIDAE,Lampropteryx otregiata,LC,Yes,LC,No,177566,4524070
GEOMETRIDAE,Lampropteryx suffumata,LC,No,LC,No,222645,4524072
GEOMETRIDAE,Larentia clavaria,LC,No,LC,No,434512,1957266
GEOMETRIDAE,Larentia malvata,LC,No,LC,No,466310,7420276
GEOMETRIDAE,Leucobrephos middendorfii,DD,No,,No,1238312,1965013
GEOMETRIDAE,Lhommeia biskraria,LC,No,LC,No,574751,6118434
GEOMETRIDAE,Ligdia adustata,LC,No,LC,No,143432,1962636
GEOMETRIDAE,Lignyoptera fumidaria,EN,No,EN,No,1192960,1963232
GEOMETRIDAE,Lignyoptera thaumastaria,DD,Yes,DD,No,,1963233
GEOMETRIDAE,Limeria macraria,DD,No,,No,1008833,4522987
GEOMETRIDAE,Lithostege bosporaria,CR,No,,No,,1964457
GEOMETRIDAE,Lithostege castiliaria,DD,Yes,DD,Yes,708179,1964401
GEOMETRIDAE,Lithostege clarae,DD,Yes,DD,Yes,,4524163
GEOMETRIDAE,Lithostege coassata,LC,No,DD,No,713169,1964408
GEOMETRIDAE,Lithostege duponcheli,LC,Yes,LC,Yes,884807,1964475
GEOMETRIDAE,Lithostege farinata,LC,No,LC,No,784710,1964437
GEOMETRIDAE,Lithostege fissurata,,No,,No,978131,1964427
GEOMETRIDAE,Lithostege griseata,EN,No,EN,No,483341,1964471
GEOMETRIDAE,Lithostege infuscata,DD,No,,No,1148052,1964395
GEOMETRIDAE,Lithostege palaestinensis,LC,No,LC,No,978134,1964405
GEOMETRIDAE,Lobophora halterata,LC,No,LC,No,319858,5144426
GEOMETRIDAE,Lomaspilis bithynica,,No,,No,1144358,5149421
GEOMETRIDAE,Lomaspilis marginata,LC,No,LC,No,207524,5149438
GEOMETRIDAE,Lomaspilis opis,LC,No,LC,No,732659,5149414
GEOMETRIDAE,Lomographa bimaculata,LC,No,LC,No,460209,1986052
GEOMETRIDAE,Lomographa temerata,LC,No,LC,No,319745,1986056
GEOMETRIDAE,Lycia alpina,LC,Yes,LC,No,473761,8414310
GEOMETRIDAE,Lycia florentina,LC,Yes,LC,Yes,546457,8955497
GEOMETRIDAE,Lycia graecarius,LC,No,LC,No,496648,8864510
GEOMETRIDAE,Lycia hirtaria,LC,No,LC,No,354118,5147710
GEOMETRIDAE,Lycia isabellae,VU,Yes,VU,No,713440,7609033
GEOMETRIDAE,Lycia lapponaria,LC,No,LC,No,483353,8035782
GEOMETRIDAE,Lycia necessaria,DD,No,DD,No,,11599554
GEOMETRIDAE,Lycia pomonaria,VU,No,VU,No,603495,7973517
GEOMETRIDAE,Lycia zonaria,VU,No,VU,No,483352,6097233
GEOMETRIDAE,Lythria cruentaria,LC,No,LC,No,466374,1959735
GEOMETRIDAE,Lythria plumularia,EN,Yes,EN,No,1067629,1959728
GEOMETRIDAE,Lythria purpuraria,NT,No,NT,No,483566,1959682
GEOMETRIDAE,Lythria sanguinaria,LC,Yes,LC,Yes,322839,1959672
GEOMETRIDAE,Macaria alternata,LC,No,LC,No,429119,5880545
GEOMETRIDAE,Macaria artesiaria,LC,No,NT,No,768368,5880512
GEOMETRIDAE,Macaria brunneata,LC,No,LC,No,467853,5880559
GEOMETRIDAE,Macaria carbonaria,LC,No,LC,No,483345,8237343
GEOMETRIDAE,Macaria fusca,LC,No,LC,No,848716,8632989
GEOMETRIDAE,Macaria ichnusae,DD,Yes,DD,Yes,,8810797
GEOMETRIDAE,Macaria liturata,LC,No,LC,No,325475,5880533
GEOMETRIDAE,Macaria loricaria,VU,No,VU,No,876933,7657419
GEOMETRIDAE,Macaria notata,LC,No,LC,No,224258,5880550
GEOMETRIDAE,Macaria signaria,LC,No,LC,No,224262,5880563
GEOMETRIDAE,Macaria wauaria,LC,No,LC,No,324838,5880552
GEOMETRIDAE,Malacodea regelaria,VU,No,VU,No,1000106,1981779
GEOMETRIDAE,Martania taeniata,LC,No,LC,No,814817,4523579
GEOMETRIDAE,Mattia callidaria,LC,No,LC,No,,10707132
GEOMETRIDAE,Megalycinia serraria,LC,Yes,LC,Yes,547244,4524625
GEOMETRIDAE,Megametopon grisolaria,DD,No,,No,,5149349
GEOMETRIDAE,Melanthia alaudaria,VU,Yes,VU,No,473458,4523669
GEOMETRIDAE,Melanthia mandshuricata,DD,No,,No,,10582552
GEOMETRIDAE,Melanthia procellata,LC,No,LC,No,472070,1956524
GEOMETRIDAE,Menophra abruptaria,LC,No,LC,No,125221,1988064
GEOMETRIDAE,Menophra annegreteae,NT,Yes,NT,Yes,1153083,4524517
GEOMETRIDAE,Menophra berenicidaria,LC,No,LC,No,569708,1988054
GEOMETRIDAE,Menophra canariensis,LC,Yes,LC,Yes,,1988017
GEOMETRIDAE,Menophra harterti,NT,No,NT,No,489708,4524513
GEOMETRIDAE,Menophra japygiaria,VU,No,VU,No,182470,1988019
GEOMETRIDAE,Menophra maderae,LC,Yes,LC,Yes,917416,1988089
GEOMETRIDAE,Menophra nycthemeraria,LC,No,LC,No,497217,1988007
GEOMETRIDAE,Menophra thuriferaria,DD,Yes,DD,Yes,,
GEOMETRIDAE,Mesoleuca albicillata,LC,No,LC,No,483295,5144190
GEOMETRIDAE,Mesotype didymata,LC,No,LC,No,466356,4523570
GEOMETRIDAE,Mesotype parallelolineata,LC,No,LC,No,,4523568
GEOMETRIDAE,Mesotype verberata,VU,No,VU,No,,4523575
GEOMETRIDAE,Microbiston lanaria,DD,No,,No,1039492,1959780
GEOMETRIDAE,Microloxia herbaria,LC,No,LC,No,467232,1963168
GEOMETRIDAE,Microloxia schmitzi,LC,No,LC,No,466312,4523499
GEOMETRIDAE,Microloxia simonyi,LC,Yes,LC,Yes,871339,4523500
GEOMETRIDAE,Minoa lutea,DD,No,,No,,1981693
GEOMETRIDAE,Minoa murinata,NT,No,NT,No,453562,1981696
GEOMETRIDAE,Myinodes constantina,DD,No,DD,No,,1955589
GEOMETRIDAE,Myinodes interpunctaria,LC,No,LC,No,1153084,1955590
GEOMETRIDAE,Myinodes shohami,,No,,No,978136,1955591
GEOMETRIDAE,Narraga fasciolaria,LC,No,LC,No,814569,1958526
GEOMETRIDAE,Narraga nelvae,LC,No,LC,No,1062489,1958515
GEOMETRIDAE,Narraga tessularia,NT,No,NT,No,914270,1958509
GEOMETRIDAE,Nebula achromaria,NT,No,NT,No,468311,8259113
GEOMETRIDAE,Nebula carlae,DD,Yes,DD,Yes,,
GEOMETRIDAE,Nebula ibericata,LC,No,LC,No,468314,7507369
GEOMETRIDAE,Nebula nebulata,VU,Yes,VU,No,468315,7755220
GEOMETRIDAE,Nebula pirinica,DD,No,DD,No,,
GEOMETRIDAE,Nebula senectaria,LC,No,LC,No,875575,8859093
GEOMETRIDAE,Neognopharmia stevenaria,LC,No,LC,No,,
GEOMETRIDAE,Nothocasis rosariae,LC,Yes,LC,Yes,954851,9053410
GEOMETRIDAE,Nothocasis sertata,LC,No,LC,No,774129,1968678
GEOMETRIDAE,Nychiodes amygdalaria,DD,No,DD,No,,1955879
GEOMETRIDAE,Nychiodes andalusiaria,LC,Yes,LC,Yes,838912,1955857
GEOMETRIDAE,Nychiodes aphrodite,DD,Yes,DD,Yes,,4524583
GEOMETRIDAE,Nychiodes dalmatina,LC,No,LC,No,954319,1955896
GEOMETRIDAE,Nychiodes hispanica,LC,No,LC,No,1093026,1955882
GEOMETRIDAE,Nychiodes notarioi,LC,Yes,LC,Yes,752765,4524588
GEOMETRIDAE,Nychiodes obscuraria,NT,Yes,NT,No,774642,1955883
GEOMETRIDAE,Nychiodes ragusaria,LC,Yes,LC,Yes,,1955846
GEOMETRIDAE,Nychiodes waltheri,LC,No,LC,No,888959,1955856
GEOMETRIDAE,Oar pratana,LC,No,LC,No,1151645,5148264
GEOMETRIDAE,Oar reaumuraria,LC,No,LC,No,1153087,5148267
GEOMETRIDAE,Ochodontia adustaria,DD,No,,No,1145153,1965953
GEOMETRIDAE,Odezia atrata,LC,No,LC,No,336000,1984734
GEOMETRIDAE,Odontognophos dumetata,LC,No,VU,No,483360,1958065
GEOMETRIDAE,Odontognophos margaritatus,DD,Yes,DD,Yes,,1958057
GEOMETRIDAE,Odontognophos zacharia,DD,No,DD,No,,1958063
GEOMETRIDAE,Odontopera bidentata,LC,No,LC,No,129569,1990066
GEOMETRIDAE,Onychora agaritharia,LC,No,LC,No,466320,1988762
GEOMETRIDAE,Operophtera brumata,LC,No,LC,No,60780,1972449
GEOMETRIDAE,Operophtera fagata,LC,No,LC,No,483311,1972434
GEOMETRIDAE,Opisthograptis luteolata,LC,No,LC,No,59588,1960617
GEOMETRIDAE,Ortaliella gruneraria,DD,Yes,DD,Yes,937430,4525037
GEOMETRIDAE,Ortaliella perspersata,LC,No,LC,No,,
GEOMETRIDAE,Orthonama obstipata,LC,No,LC,No,143002,4302252
GEOMETRIDAE,Orthonama vittata,LC,No,LC,No,483285,1963011
GEOMETRIDAE,Orthostixis cinerea,DD,Yes,DD,Yes,,1978225
GEOMETRIDAE,Orthostixis cribraria,LC,No,LC,No,875576,1978219
GEOMETRIDAE,Oulobophora externaria,LC,No,LC,No,871549,1960002
GEOMETRIDAE,Oulobophora internata,DD,No,DD,No,,1960001
GEOMETRIDAE,Ourapteryx niveiscythes,DD,No,,No,975053,
GEOMETRIDAE,Ourapteryx sambucaria,LC,No,LC,No,205220,1958323
GEOMETRIDAE,Pachycnemia hippocastanaria,LC,No,LC,No,483346,1966351
GEOMETRIDAE,Pachycnemia tibiaria,LC,No,LC,No,780960,1966358
GEOMETRIDAE,Paraboarmia viertlii,NT,No,NT,No,803449,4524533
GEOMETRIDAE,Paradarisa consonaria,LC,No,LC,No,460205,1967597
GEOMETRIDAE,Parectropis similaria,LC,No,LC,No,475254,1958024
GEOMETRIDAE,Pareulype berberata,LC,No,VU,No,483304,1975341
GEOMETRIDAE,Pareulype casearia,DD,Yes,DD,Yes,914036,4523699
GEOMETRIDAE,Pareulype lasithiotica,LC,Yes,LC,Yes,1153135,1975350
GEOMETRIDAE,Pasiphila chloerata,LC,No,LC,No,483337,4523883
GEOMETRIDAE,Pasiphila debiliata,LC,No,LC,No,483338,4523880
GEOMETRIDAE,Pasiphila rectangulata,LC,No,LC,No,129223,4523885
GEOMETRIDAE,Pelurga comitata,LC,No,LC,No,362233,5148286
GEOMETRIDAE,Pennithera firmata,LC,No,LC,No,1146028,4524054
GEOMETRIDAE,Pennithera ulicata,LC,Yes,LC,Yes,879934,4524052
GEOMETRIDAE,Perconia baeticaria,LC,Yes,LC,Yes,,1970299
GEOMETRIDAE,Perconia strigillaria,LC,No,LC,No,483368,1970284
GEOMETRIDAE,Peribatodes aragonis,DD,No,DD,No,1080432,1957608
GEOMETRIDAE,Peribatodes correptaria,LC,No,LC,No,702130,1957583
GEOMETRIDAE,Peribatodes ebusaria,DD,Yes,DD,Yes,,
GEOMETRIDAE,Peribatodes ilicaria,LC,No,LC,No,470691,1957576
GEOMETRIDAE,Peribatodes omalensis,DD,Yes,DD,Yes,,
GEOMETRIDAE,Peribatodes perversaria,LC,Yes,LC,No,782181,1957579
GEOMETRIDAE,Peribatodes rhomboidaria,LC,No,LC,No,83459,1957572
GEOMETRIDAE,Peribatodes secundaria,LC,No,LC,No,324190,1957570
GEOMETRIDAE,Peribatodes umbraria,NT,No,NT,No,496934,1957611
GEOMETRIDAE,Perigune binaevata,LC,No,LC,No,,
GEOMETRIDAE,Perigune convergata,LC,No,LC,No,,
GEOMETRIDAE,Perigune narbonea,LC,No,LC,No,,
GEOMETRIDAE,Perizoma affinitata,LC,Yes,LC,No,201402,1972120
GEOMETRIDAE,Perizoma albulata,LC,No,LC,No,201411,1972185
GEOMETRIDAE,Perizoma alchemillata,LC,No,LC,No,201403,1972250
GEOMETRIDAE,Perizoma barrassoi,LC,Yes,LC,No,,8844093
GEOMETRIDAE,Perizoma bifaciata,LC,No,LC,No,201405,1972342
GEOMETRIDAE,Perizoma blandiata,LC,No,LC,No,483313,1972187
GEOMETRIDAE,Perizoma flavofasciata,LC,No,LC,No,460199,1972234
GEOMETRIDAE,Perizoma flavosparsata,LC,No,LC,No,,1972146
GEOMETRIDAE,Perizoma hydrata,NT,No,NT,No,546346,1972377
GEOMETRIDAE,Perizoma incultaria,LC,Yes,LC,No,771688,7365652
GEOMETRIDAE,Perizoma juracolaria,VU,Yes,VU,No,,8184134
GEOMETRIDAE,Perizoma lugdunaria,VU,Yes,VU,No,475546,1972374
GEOMETRIDAE,Perizoma minorata,NT,No,NT,No,201409,1972278
GEOMETRIDAE,Perizoma obsoletata,VU,Yes,VU,No,,7671056
GEOMETRIDAE,Petrophora chlorosata,LC,No,LC,No,320699,1973467
GEOMETRIDAE,Phaiogramma etruscaria,LC,No,LC,No,428727,4523516
GEOMETRIDAE,Phaiogramma faustinata,LC,No,LC,No,494405,4523519
GEOMETRIDAE,Phaselia algiricaria,LC,No,LC,No,1096740,1963747
GEOMETRIDAE,Phaselia serrularia,DD,No,,No,1144407,1963745
GEOMETRIDAE,Phibalapteryx virgata,LC,No,LC,No,483283,4524393
GEOMETRIDAE,Phigalia pilosaria,LC,No,LC,No,60771,4524740
GEOMETRIDAE,Philereme transversata,LC,No,LC,No,483308,1959395
GEOMETRIDAE,Philereme vetulata,LC,No,LC,No,483306,1959383
GEOMETRIDAE,Phthonandria strictaria,DD,No,DD,No,,
GEOMETRIDAE,Phyllometra culminaria,LC,No,LC,No,,1985561
GEOMETRIDAE,Phyllometra gracilaria,LC,Yes,LC,Yes,,1985564
GEOMETRIDAE,Pingasa lahayei,,No,,No,1074362,1982256
GEOMETRIDAE,Plagodis dolabraria,LC,No,LC,No,324923,1959914
GEOMETRIDAE,Plagodis pulveraria,LC,No,LC,No,228262,1959919
GEOMETRIDAE,Plemyria rubiginata,LC,No,LC,No,324224,5146412
GEOMETRIDAE,Problepsis ocellata,LC,No,LC,No,497404,1960484
GEOMETRIDAE,Proteuchloris neriaria,LC,No,LC,No,782808,4523536
GEOMETRIDAE,Protorhoe corollaria,LC,No,LC,No,875578,1981363
GEOMETRIDAE,Protorhoe unicata,LC,No,LC,No,875580,1981362
GEOMETRIDAE,Pseudobaptria bogumilaria,DD,Yes,DD,No,1063250,1964931
GEOMETRIDAE,Pseudopanthera macularia,LC,No,LC,No,341679,1954563
GEOMETRIDAE,Pseudoterpna coronillaria,NT,No,NT,No,325626,1987544
GEOMETRIDAE,Pseudoterpna corsicaria,DD,Yes,DD,Yes,884813,1987537
GEOMETRIDAE,Pseudoterpna pruinata,LC,No,LC,No,483275,1987527
GEOMETRIDAE,Pseudoterpna rectistrigaria,DD,Yes,DD,Yes,,1987535
GEOMETRIDAE,Psodos alpinata,LC,Yes,LC,No,,
GEOMETRIDAE,Psodos alpmaritima,DD,Yes,DD,Yes,,
GEOMETRIDAE,Psodos alticolaria,LC,Yes,LC,No,,
GEOMETRIDAE,Psodos baldensis,CR,Yes,CR,Yes,,
GEOMETRIDAE,Psodos belzebuth,EN,Yes,EN,Yes,,
GEOMETRIDAE,Psodos bentelii,NT,Yes,NT,No,,
GEOMETRIDAE,Psodos canaliculata,LC,No,LC,No,,
GEOMETRIDAE,Psodos coracina,LC,No,LC,No,,
GEOMETRIDAE,Psodos noricana,VU,Yes,VU,No,,
GEOMETRIDAE,Psodos pyrenaica,DD,Yes,DD,Yes,,
GEOMETRIDAE,Psodos quadrifaria,VU,Yes,VU,No,475337,4524793
GEOMETRIDAE,Psodos spitzi,EN,Yes,EN,Yes,,
GEOMETRIDAE,Psodos wehrlii,EN,Yes,EN,No,,
GEOMETRIDAE,Psodos werneri,DD,Yes,,No,,
GEOMETRIDAE,Psychophora cinderella,DD,No,,No,,4524383
GEOMETRIDAE,Psychophora sabini,VU,No,EN,No,452692,1987005
GEOMETRIDAE,Pterapherapteryx sexalata,LC,No,LC,No,319856,1978114
GEOMETRIDAE,Pungeleria capreolaria,LC,No,LC,No,705455,1966886
GEOMETRIDAE,Rheumaptera hastata,LC,No,LC,No,205039,1977068
GEOMETRIDAE,Rheumaptera subhastata,LC,No,LC,No,203920,1977007
GEOMETRIDAE,Rhodometra sacraria,LC,No,LC,No,116380,1955694
GEOMETRIDAE,Rhodostrophia badiaria,DD,No,,No,978122,1967030
GEOMETRIDAE,Rhodostrophia calabra,NT,No,NT,No,320932,1967006
GEOMETRIDAE,Rhodostrophia cretacaria,LC,Yes,LC,Yes,898905,1966983
GEOMETRIDAE,Rhodostrophia discopunctata,LC,No,LC,No,364074,1966993
GEOMETRIDAE,Rhodostrophia jacularia,DD,No,,No,1191951,1967043
GEOMETRIDAE,Rhodostrophia pudorata,LC,No,LC,No,894669,1967025
GEOMETRIDAE,Rhodostrophia sieversi,,No,,No,978124,1967066
GEOMETRIDAE,Rhodostrophia tabidaria,LC,No,LC,No,739295,1967003
GEOMETRIDAE,Rhodostrophia vibicaria,LC,No,LC,No,509000,1967011
GEOMETRIDAE,Rhoptria asperaria,LC,No,LC,No,324926,1989594
GEOMETRIDAE,Rhoptria dolosaria,DD,No,DD,No,1155090,4525114
GEOMETRIDAE,Sardocyrnia bastelicaria,DD,Yes,DD,Yes,906446,1977299
GEOMETRIDAE,Sardocyrnia fortunaria,LC,Yes,LC,Yes,1153144,1977300
GEOMETRIDAE,Schistostege decussata,EN,Yes,EN,No,555640,1967143
GEOMETRIDAE,Schistostege nubilaria,DD,No,DD,No,875581,1967147
GEOMETRIDAE,Sciadia dolomitica,CR,Yes,CR,Yes,,4524651
GEOMETRIDAE,Sciadia innuptaria,LC,Yes,LC,Yes,,1968358
GEOMETRIDAE,Sciadia septaria,DD,Yes,DD,No,,1968354
GEOMETRIDAE,Sciadia slovenica,CR,Yes,CR,Yes,,4524652
GEOMETRIDAE,Sciadia tenebraria,VU,Yes,VU,No,922606,1968356
GEOMETRIDAE,Sciadia unicoloraria,EN,Yes,EN,No,,
GEOMETRIDAE,Sciadia zelleraria,LC,Yes,LC,No,,
GEOMETRIDAE,Scopula alba,DD,No,DD,No,810570,5145670
GEOMETRIDAE,Scopula albiceraria,DD,No,,No,,5145087
GEOMETRIDAE,Scopula arenosaria,DD,No,,No,,5145534
GEOMETRIDAE,Scopula asellaria,LC,No,LC,No,789756,8726980
GEOMETRIDAE,Scopula beckeraria,LC,No,DD,No,202581,5145219
GEOMETRIDAE,Scopula cajanderi,,No,,No,452675,5144756
GEOMETRIDAE,Scopula caricaria,VU,No,VU,No,875583,5145808
GEOMETRIDAE,Scopula concinnaria,DD,Yes,DD,Yes,1151500,5145415
GEOMETRIDAE,Scopula confinaria,VU,Yes,VU,No,473987,7935966
GEOMETRIDAE,Scopula corrivalaria,LC,No,LC,No,202589,5145106
GEOMETRIDAE,Scopula decolor,LC,No,LC,No,202582,5144792
GEOMETRIDAE,Scopula decorata,NT,No,NT,No,483565,5144782
GEOMETRIDAE,Scopula divisaria,DD,No,DD,No,202584,9194811
GEOMETRIDAE,Scopula donovani,,No,,No,688912,5145168
GEOMETRIDAE,Scopula drenowskii,DD,No,DD,No,,5145846
GEOMETRIDAE,Scopula emutaria,VU,No,VU,No,202585,5144706
GEOMETRIDAE,Scopula flaccidaria,LC,No,LC,No,737452,5145522
GEOMETRIDAE,Scopula floslactata,LC,No,LC,No,358823,5145409
GEOMETRIDAE,Scopula frigidaria,LC,No,LC,No,202586,5145067
GEOMETRIDAE,Scopula guancharia,LC,No,LC,No,805590,5145842
GEOMETRIDAE,Scopula honestata,DD,Yes,DD,Yes,914038,5145823
GEOMETRIDAE,Scopula imitaria,LC,No,LC,No,205090,5145429
GEOMETRIDAE,Scopula immistaria,DD,No,DD,No,875582,5145285
GEOMETRIDAE,Scopula immorata,LC,No,LC,No,207713,5145260
GEOMETRIDAE,Scopula immutata,LC,No,LC,No,470486,5145009
GEOMETRIDAE,Scopula incanata,LC,No,LC,No,494531,5144721
GEOMETRIDAE,Scopula irrorata,LC,Yes,LC,Yes,915507,5145096
GEOMETRIDAE,Scopula luridata,LC,No,LC,No,202587,5145255
GEOMETRIDAE,Scopula marginepunctata,LC,No,LC,No,319208,5144900
GEOMETRIDAE,Scopula mentzeri,DD,Yes,DD,Yes,,8839284
GEOMETRIDAE,Scopula minorata,LC,No,LC,No,202588,5145502
GEOMETRIDAE,Scopula nemoraria,LC,No,NT,No,875584,5144904
GEOMETRIDAE,Scopula nigropunctata,LC,No,LC,No,470781,5144677
GEOMETRIDAE,Scopula ochraceata,LC,No,LC,No,794965,5145092
GEOMETRIDAE,Scopula orientalis,DD,No,DD,No,875585,5144827
GEOMETRIDAE,Scopula ornata,LC,No,LC,No,450677,5144805
GEOMETRIDAE,Scopula rubellata,LC,No,LC,No,,5145211
GEOMETRIDAE,Scopula rubiginata,LC,No,LC,No,324393,5145186
GEOMETRIDAE,Scopula rufomixtaria,LC,No,LC,No,773526,9103615
GEOMETRIDAE,Scopula sacraria,DD,No,DD,No,966000,8881561
GEOMETRIDAE,Scopula scalercii,DD,Yes,DD,Yes,1103678,8854760
GEOMETRIDAE,Scopula submutata,LC,No,LC,No,466832,5144880
GEOMETRIDAE,Scopula subpunctaria,LC,No,LC,No,550689,5145729
GEOMETRIDAE,Scopula subtilata,DD,No,,No,875586,5145519
GEOMETRIDAE,Scopula ternata,LC,No,LC,No,335579,5145136
GEOMETRIDAE,Scopula tessellaria,EN,No,EN,No,550639,5144854
GEOMETRIDAE,Scopula turbidaria,LC,No,LC,No,468684,5145764
GEOMETRIDAE,Scopula turbulentaria,LC,No,LC,No,1127723,5145671
GEOMETRIDAE,Scopula uberaria,DD,No,DD,No,,9218122
GEOMETRIDAE,Scopula umbelaria,VU,No,VU,No,952250,5145648
GEOMETRIDAE,Scopula vigilata,LC,No,LC,No,701730,5145333
GEOMETRIDAE,Scopula villumi,DD,Yes,DD,Yes,,10711102
GEOMETRIDAE,Scopula virgulata,NT,No,NT,No,475408,5145269
GEOMETRIDAE,Scotopteryx alfacaria,DD,No,DD,No,1153158,1957822
GEOMETRIDAE,Scotopteryx angularia,VU,Yes,VU,No,557568,4524320
GEOMETRIDAE,Scotopteryx bipunctaria,NT,No,NT,No,483289,1957718
GEOMETRIDAE,Scotopteryx burgaria,DD,No,,No,,1957634
GEOMETRIDAE,Scotopteryx chenopodiata,LC,No,LC,No,325738,1957816
GEOMETRIDAE,Scotopteryx coarctaria,VU,No,VU,No,497789,1957791
GEOMETRIDAE,Scotopteryx coelinaria,VU,Yes,VU,No,776453,1957673
GEOMETRIDAE,Scotopteryx ignorata,LC,No,LC,No,,4524331
GEOMETRIDAE,Scotopteryx luridata,VU,No,VU,No,475564,1957746
GEOMETRIDAE,Scotopteryx moeniata,VU,No,VU,No,483288,1957706
GEOMETRIDAE,Scotopteryx mucronata,VU,No,VU,No,483290,1957632
GEOMETRIDAE,Scotopteryx obvallaria,LC,Yes,LC,Yes,914035,1957636
GEOMETRIDAE,Scotopteryx octodurensis,VU,No,VU,No,807301,1957628
GEOMETRIDAE,Scotopteryx olympia,DD,Yes,DD,No,1149244,4524356
GEOMETRIDAE,Scotopteryx peribolata,VU,No,VU,No,468713,1957731
GEOMETRIDAE,Scotopteryx proximaria,LC,Yes,LC,Yes,1083342,1957823
GEOMETRIDAE,Scotopteryx vicinaria,VU,No,VU,No,886239,1957630
GEOMETRIDAE,Selenia dentaria,LC,No,LC,No,205186,1962204
GEOMETRIDAE,Selenia lunularia,LC,No,LC,No,348914,1962268
GEOMETRIDAE,Selenia tetralunaria,LC,No,LC,No,355986,1962265
GEOMETRIDAE,Selidosema ambustaria,VU,Yes,VU,Yes,,1970239
GEOMETRIDAE,Selidosema brunnearia,NT,Yes,NT,No,483354,1970227
GEOMETRIDAE,Selidosema erebaria,LC,No,LC,No,,4524605
GEOMETRIDAE,Selidosema plumaria,NT,No,NT,No,830672,1970243
GEOMETRIDAE,Selidosema pyrenaearia,LC,Yes,LC,Yes,1128427,1970238
GEOMETRIDAE,Selidosema taeniolaria,LC,Yes,LC,No,564365,1970259
GEOMETRIDAE,Selidosema tamsi,DD,Yes,DD,Yes,,1970236
GEOMETRIDAE,Siona lineata,LC,No,LC,No,318926,5144543
GEOMETRIDAE,Solitanea mariae,LC,Yes,LC,Yes,868660,1966052
GEOMETRIDAE,Spargania luctuata,LC,No,LC,No,231255,4302268
GEOMETRIDAE,Spartopteryx kindermannaria,,No,,No,914273,1992135
GEOMETRIDAE,Stamnodes depeculata,DD,No,DD,No,,1965052
GEOMETRIDAE,Stegania cararia,LC,No,LC,No,483344,5149836
GEOMETRIDAE,Stegania dalmataria,DD,No,,No,1132158,5149850
GEOMETRIDAE,Stegania dilectaria,LC,No,LC,No,870600,5149843
GEOMETRIDAE,Stegania trimaculata,LC,No,LC,No,471746,5149839
GEOMETRIDAE,Synopsia sociaria,LC,No,LC,No,546268,1981998
GEOMETRIDAE,Tephronia bytinskii,LC,No,LC,No,,
GEOMETRIDAE,Tephronia codetaria,LC,No,LC,No,558207,4524562
GEOMETRIDAE,Tephronia cyrnea,LC,Yes,LC,Yes,914037,4524556
GEOMETRIDAE,Tephronia espaniola,LC,Yes,LC,Yes,1118606,4524570
GEOMETRIDAE,Tephronia lepraria,LC,No,LC,No,,
GEOMETRIDAE,Tephronia lhommaria,NT,No,NT,No,,
GEOMETRIDAE,Tephronia nuragica,DD,Yes,DD,Yes,,9292093
GEOMETRIDAE,Tephronia psyloritaria,DD,Yes,DD,Yes,,
GEOMETRIDAE,Tephronia sepiaria,LC,Yes,LC,No,468729,1962584
GEOMETRIDAE,Tephronia theophilaria,DD,Yes,DD,Yes,906383,10737481
GEOMETRIDAE,Thalera fimbrialis,LC,No,LC,No,473744,1963306
GEOMETRIDAE,Thera britannica,LC,No,LC,No,371717,5148424
GEOMETRIDAE,Thera cembrae,NT,Yes,NT,No,,5148401
GEOMETRIDAE,Thera cognata,LC,No,LC,No,483299,5148486
GEOMETRIDAE,Thera cupressata,LC,No,LC,No,429113,5148475
GEOMETRIDAE,Thera juniperata,LC,No,LC,No,232547,5148462
GEOMETRIDAE,Thera obeliscata,LC,No,LC,No,344864,5148487
GEOMETRIDAE,Thera variata,LC,No,LC,No,320250,5148436
GEOMETRIDAE,Thera vetustata,LC,Yes,LC,No,320198,5148394
GEOMETRIDAE,Therapis flavicaria,LC,No,LC,No,875587,1977962
GEOMETRIDAE,Theria crypta,,No,,No,,5148250
GEOMETRIDAE,Theria primaria,NT,Yes,NT,No,483359,5148248
GEOMETRIDAE,Theria rupicapraria,VU,No,VU,No,345610,5148247
GEOMETRIDAE,Thetidia plusiaria,LC,No,LC,No,1089823,1957286
GEOMETRIDAE,Thetidia sardinica,DD,Yes,DD,Yes,,1957299
GEOMETRIDAE,Thetidia smaragdaria,LC,No,LC,No,483276,1957300
GEOMETRIDAE,Timandra comae,LC,No,LC,No,132885,1966017
GEOMETRIDAE,Timandra griseata,LC,No,LC,No,473450,1965996
GEOMETRIDAE,Timandra rectistrigaria,DD,No,,No,801898,1965979
GEOMETRIDAE,Toulgoetia cauteriata,LC,No,LC,No,747491,1959799
GEOMETRIDAE,Trichopteryx carpinata,LC,No,LC,No,462162,5147608
GEOMETRIDAE,Trichopteryx polycommata,LC,No,LC,No,483343,5147638
GEOMETRIDAE,Triphosa dubitata,LC,No,LC,No,483305,1969954
GEOMETRIDAE,Triphosa petronata,DD,Yes,DD,Yes,,1969992
GEOMETRIDAE,Triphosa sabaudiata,NT,No,NT,No,523707,1969958
GEOMETRIDAE,Triphosa tauteli,LC,Yes,LC,No,577874,4523707
GEOMETRIDAE,Venusia blomeri,LC,No,LC,No,483342,5147834
GEOMETRIDAE,Venusia cambrica,LC,No,LC,No,233423,5147827
GEOMETRIDAE,Xanthorhoe abrasaria,NT,No,NT,No,233736,1986623
GEOMETRIDAE,Xanthorhoe annotinata,LC,No,NT,No,1019274,1986191
GEOMETRIDAE,Xanthorhoe biriviata,LC,No,LC,No,483286,1986452
GEOMETRIDAE,Xanthorhoe decoloraria,VU,No,VU,No,233739,1986367
GEOMETRIDAE,Xanthorhoe designata,LC,No,LC,No,320282,1986575
GEOMETRIDAE,Xanthorhoe disjunctaria,LC,Yes,LC,Yes,1132630,1986370
GEOMETRIDAE,Xanthorhoe ferrugata,LC,No,LC,No,143485,1986171
GEOMETRIDAE,Xanthorhoe fluctuata,LC,No,LC,No,243705,1986157
GEOMETRIDAE,Xanthorhoe friedrichi,DD,Yes,DD,Yes,,4524227
GEOMETRIDAE,Xanthorhoe iberica,LC,Yes,LC,Yes,1144102,1986604
GEOMETRIDAE,Xanthorhoe inaequata,LC,Yes,LC,Yes,1190729,1986345
GEOMETRIDAE,Xanthorhoe incursata,LC,Yes,LC,No,477460,1986290
GEOMETRIDAE,Xanthorhoe majorata,DD,No,,No,,1986394
GEOMETRIDAE,Xanthorhoe montanata,LC,No,LC,No,130185,1986220
GEOMETRIDAE,Xanthorhoe oxybiata,LC,No,LC,No,807302,1986250
GEOMETRIDAE,Xanthorhoe pederi,DD,Yes,DD,Yes,,
GEOMETRIDAE,Xanthorhoe pseudoannotinata,DD,No,,No,,
GEOMETRIDAE,Xanthorhoe quadrifasiata,LC,No,LC,No,483287,1986522
GEOMETRIDAE,Xanthorhoe rupicola,LC,Yes,LC,Yes,917417,1986558
GEOMETRIDAE,Xanthorhoe sardisjuncta,DD,Yes,DD,Yes,,
GEOMETRIDAE,Xanthorhoe skoui,DD,Yes,DD,Yes,,4524237
GEOMETRIDAE,Xanthorhoe spadicearia,LC,No,LC,No,320069,1986166
GEOMETRIDAE,Xanthorhoe uralensis,DD,Yes,DD,No,,4524275
GEOMETRIDAE,Xanthorhoe vidanoi,LC,Yes,LC,Yes,547925,1986144
GEOMETRIDAE,Xenochlorodes magna,DD,Yes,DD,Yes,910912,1954486
GEOMETRIDAE,Xenochlorodes nubigena,LC,Yes,LC,Yes,917418,1954481
GEOMETRIDAE,Xenochlorodes olympiaria,LC,No,LC,No,549310,1954490
GEOMETRIDAE,Yezognophos dilucidaria,LC,No,LC,No,,10712554
GEOMETRIDAE,Yezognophos serotinaria,NT,Yes,NT,No,,
GEOMETRIDAE,Yezognophos sproengertsi,EN,Yes,EN,Yes,,
GEOMETRIDAE,Yezognophos vittaria,LC,No,LC,No,,
GEOMETRIDAE,Zernyia granataria,LC,Yes,LC,Yes,1138059,1966330
GLYPHIPTERIGIDAE,Glyphipterix loricatella,NT,No,NT,No,1088824,1829987
HEPIALIDAE,Gazoryctra ganna,LC,No,LC,No,178148,4525623
HEPIALIDAE,Gazoryctra uralensis,EN,No,CR,No,,
HEPIALIDAE,Hepialus humuli,LC,No,LC,No,205224,1828637
HEPIALIDAE,Korscheltellus castillanus,DD,Yes,DD,Yes,,
HEPIALIDAE,Korscheltellus fusconebulosa,LC,No,LC,No,,
HEPIALIDAE,Korscheltellus lupulina,LC,No,LC,No,626665,5879654
HEPIALIDAE,Pharmacis aemilianus,LC,Yes,LC,Yes,603427,8912441
HEPIALIDAE,Pharmacis anselminae,DD,Yes,DD,Yes,910021,8837513
HEPIALIDAE,Pharmacis bertrandi,VU,Yes,VU,Yes,,7564665
HEPIALIDAE,Pharmacis cantabricus,DD,Yes,DD,Yes,1114509,10128136
HEPIALIDAE,Pharmacis carna,NT,Yes,NT,No,542830,7623903
HEPIALIDAE,Pharmacis claudiae,DD,Yes,DD,Yes,1103721,9062996
HEPIALIDAE,Pharmacis pyrenaicus,VU,Yes,VU,No,1156037,8195886
HEPIALIDAE,Phymatopus hecta,LC,No,LC,No,541634,4525610
HEPIALIDAE,Triodia adriaticus,DD,Yes,DD,No,132352,9182336
HEPIALIDAE,Triodia amasinus,NT,No,NT,No,132349,8871600
HEPIALIDAE,Triodia sylvina,LC,No,LC,No,461806,6097236
HETEROGYNIDAE,Heterogynis affinis,DD,Yes,DD,Yes,,
HETEROGYNIDAE,Heterogynis andalusica,DD,Yes,DD,Yes,1026464,1751852
HETEROGYNIDAE,Heterogynis canalensis,DD,Yes,DD,Yes,547494,1751856
HETEROGYNIDAE,Heterogynis chapmani,DD,Yes,DD,Yes,,
HETEROGYNIDAE,Heterogynis cynetis,DD,Yes,DD,Yes,,
HETEROGYNIDAE,Heterogynis dubia,DD,Yes,DD,Yes,,1751863
HETEROGYNIDAE,Heterogynis eremita,LC,Yes,LC,Yes,1026467,4522309
HETEROGYNIDAE,Heterogynis paradoxa,DD,Yes,DD,Yes,747575,1751859
HETEROGYNIDAE,Heterogynis penella,LC,Yes,LC,Yes,320875,1751855
HETEROGYNIDAE,Heterogynis rakosyi,LC,Yes,LC,Yes,,
HETEROGYNIDAE,Heterogynis segurana,DD,Yes,DD,Yes,,11794177
HETEROGYNIDAE,Heterogynis sondereggeri,DD,Yes,DD,Yes,1143157,11888148
HETEROGYNIDAE,Heterogynis valdeblorensis,EN,Yes,EN,Yes,554007,4522311
HETEROGYNIDAE,Heterogynis yerayi,DD,Yes,DD,Yes,1026463,
HETEROGYNIDAE,Heterogynis zikici,DD,Yes,DD,No,,11488649
LASIOCAMPIDAE,Chilena sordida,DD,No,,No,1145828,1732858
LASIOCAMPIDAE,Chondrostega escobesae,DD,Yes,DD,Yes,1174104,
LASIOCAMPIDAE,Chondrostega pastrana,DD,No,DD,No,,1733267
LASIOCAMPIDAE,Chondrostega vandalicia,LC,Yes,LC,Yes,144272,1733270
LASIOCAMPIDAE,Cosmotriche lobulina,NT,No,NT,No,821007,1733258
LASIOCAMPIDAE,Dendrolimus pini,LC,No,LC,No,354881,1733484
LASIOCAMPIDAE,Dendrolimus sibiricus,DD,Yes,,No,773527,1733405
LASIOCAMPIDAE,Eriogaster arbusculae,EN,Yes,EN,No,555433,4525273
LASIOCAMPIDAE,Eriogaster catax,VU,No,VU,No,100362,4525268
LASIOCAMPIDAE,Eriogaster henkei,DD,No,,No,1156218,4571472
LASIOCAMPIDAE,Eriogaster inspersa,DD,No,DD,No,,5101645
LASIOCAMPIDAE,Eriogaster lanestris,NT,No,NT,No,354736,4525266
LASIOCAMPIDAE,Eriogaster neogena,DD,No,,No,1142616,4571469
LASIOCAMPIDAE,Eriogaster rimicola,NT,No,NT,No,709613,4525270
LASIOCAMPIDAE,Euthrix potatoria,LC,No,LC,No,125012,1734453
LASIOCAMPIDAE,Gastropacha populifolia,NT,No,NT,No,124995,1732521
LASIOCAMPIDAE,Gastropacha quercifolia,LC,No,LC,No,343427,1732565
LASIOCAMPIDAE,Gufria limosa,LC,No,LC,No,,11529292
LASIOCAMPIDAE,Lasiocampa eversmanni,DD,No,DD,No,751557,1734717
LASIOCAMPIDAE,Lasiocampa grandis,DD,No,DD,No,751560,1734690
LASIOCAMPIDAE,Lasiocampa quercus,LC,No,LC,No,56582,1734826
LASIOCAMPIDAE,Lasiocampa serrula,LC,No,LC,No,954243,1734794
LASIOCAMPIDAE,Lasiocampa terreni,DD,No,DD,No,751559,1734718
LASIOCAMPIDAE,Lasiocampa trifolii,LC,No,LC,No,335607,1734704
LASIOCAMPIDAE,Macrothylacia digramma,LC,No,LC,No,752271,1732419
LASIOCAMPIDAE,Macrothylacia rubi,LC,No,LC,No,127506,1732416
LASIOCAMPIDAE,Malacosoma alpicola,VU,No,VU,No,,5101717
LASIOCAMPIDAE,Malacosoma castrensis,LC,No,LC,No,747430,5101678
LASIOCAMPIDAE,Malacosoma franconica,VU,No,EN,No,,
LASIOCAMPIDAE,Malacosoma laurae,VU,Yes,VU,Yes,1151727,5101759
LASIOCAMPIDAE,Malacosoma neustria,LC,No,LC,No,354737,5101745
LASIOCAMPIDAE,Odonestis pruni,LC,No,NT,No,124957,5102287
LASIOCAMPIDAE,Pachypasa otus,DD,No,DD,No,125026,1732264
LASIOCAMPIDAE,Phyllodesma ilicifolia,NT,No,NT,No,109387,1732662
LASIOCAMPIDAE,Phyllodesma japonica,LC,No,LC,No,821145,1732665
LASIOCAMPIDAE,Phyllodesma joannisi,DD,No,,No,1152296,1732671
LASIOCAMPIDAE,Phyllodesma kermesifolia,LC,Yes,LC,Yes,771698,1732697
LASIOCAMPIDAE,Phyllodesma suberifolia,LC,No,LC,No,325624,1732680
LASIOCAMPIDAE,Phyllodesma tremulifolia,NT,No,NT,No,473747,1732685
LASIOCAMPIDAE,Poecilocampa alpina,LC,No,LC,No,415337,1732072
LASIOCAMPIDAE,Poecilocampa populi,LC,No,LC,No,415336,1732063
LASIOCAMPIDAE,Psilogaster loti,LC,No,LC,No,321975,1733620
LASIOCAMPIDAE,Streblote panda,LC,No,LC,No,787253,1733755
LASIOCAMPIDAE,Trichiura castiliana,LC,No,LC,No,776468,1732456
LASIOCAMPIDAE,Trichiura crataegi,LC,No,LC,No,475892,1732452
LASIOCAMPIDAE,Trichiura ilicis,LC,No,LC,No,771716,1732457
LASIOCAMPIDAE,Trichiura verenae,DD,No,DD,No,,4525242
LIMACODIDAE,Apoda limacodes,LC,No,LC,No,324132,5105339
LIMACODIDAE,Heterogenea asella,VU,No,VU,No,177860,4522322
LIMACODIDAE,Hoyosia codeti,LC,No,LC,No,780798,1752383
LIMACODIDAE,Hoyosia cretica,LC,No,LC,No,,4522319
LIMACODIDAE,Parasa sinica,DD,No,,No,713322,1753395
NOCTUIDAE,Abrostola agnorista,LC,No,LC,No,,1767622
NOCTUIDAE,Abrostola asclepiadis,VU,No,VU,No,735391,1767608
NOCTUIDAE,Abrostola canariensis,LC,Yes,LC,Yes,871377,1767638
NOCTUIDAE,Abrostola clarissa,,No,,No,978106,1767627
NOCTUIDAE,Abrostola tripartita,LC,No,LC,No,205190,1767625
NOCTUIDAE,Abrostola triplasia,LC,No,LC,No,324887,1767597
NOCTUIDAE,Acontia biskrensis,,No,,No,978110,1763119
NOCTUIDAE,Acontia lucida,LC,No,LC,No,415493,1763072
NOCTUIDAE,Acontia melanura,LC,No,LC,No,741287,8944900
NOCTUIDAE,Acontia titania,VU,No,VU,No,875832,1762952
NOCTUIDAE,Acontia trabealis,LC,No,LC,No,735259,5772063
NOCTUIDAE,Acontia viridisquama,LC,Yes,LC,Yes,1141910,8799777
NOCTUIDAE,Acontiola lascivalis,DD,No,DD,No,,4532881
NOCTUIDAE,Acontiola moldavicola,NT,No,NT,No,875833,4532878
NOCTUIDAE,Acosmetia caliginosa,NT,No,EN,No,483522,1769009
NOCTUIDAE,Acrapex taurica,DD,No,DD,No,,4534387
NOCTUIDAE,Acrobyla kneuckeri,,No,,No,978107,4532806
NOCTUIDAE,Acronicta aceris,LC,No,LC,No,135282,1782763
NOCTUIDAE,Acronicta alni,LC,No,LC,No,450658,1782726
NOCTUIDAE,Acronicta auricoma,LC,No,LC,No,483482,1782927
NOCTUIDAE,Acronicta cinerea,LC,No,LC,No,804256,1783045
NOCTUIDAE,Acronicta cuspis,LC,No,LC,No,483584,1782907
NOCTUIDAE,Acronicta euphorbiae,LC,No,LC,No,332385,1782727
NOCTUIDAE,Acronicta leporina,LC,No,LC,No,460218,1783043
NOCTUIDAE,Acronicta megacephala,LC,No,LC,No,357477,1782777
NOCTUIDAE,Acronicta menyanthidis,LC,No,LC,No,475702,1783037
NOCTUIDAE,Acronicta orientalis,DD,No,DD,No,1141183,1782781
NOCTUIDAE,Acronicta psi,LC,No,LC,No,325641,1782948
NOCTUIDAE,Acronicta rumicis,LC,No,LC,No,55623,1782672
NOCTUIDAE,Acronicta strigosa,LC,No,LC,No,483481,1782841
NOCTUIDAE,Acronicta tridens,LC,No,LC,No,483480,1783016
NOCTUIDAE,Actebia fennica,EN,No,EN,No,212473,1787506
NOCTUIDAE,Actebia fugax,VU,No,VU,No,875835,4533824
NOCTUIDAE,Actebia multifida,EN,No,EN,No,781968,4533826
NOCTUIDAE,Actebia photophila,DD,No,DD,No,,4533819
NOCTUIDAE,Actebia praecox,NT,No,NT,No,483399,1787504
NOCTUIDAE,Actebia squalida,DD,No,,No,,4533820
NOCTUIDAE,Actinotia polyodon,LC,No,LC,No,465417,1792292
NOCTUIDAE,Actinotia radiosa,VU,No,VU,No,564079,1792300
NOCTUIDAE,Aedia funesta,LC,No,LC,No,550237,5113847
NOCTUIDAE,Aedia leucomelas,LC,No,LC,No,339567,5113853
NOCTUIDAE,Aedophron phlebophora,DD,No,,No,716388,1776568
NOCTUIDAE,Aedophron rhodites,DD,No,DD,No,875836,1776574
NOCTUIDAE,Aegle agatha,DD,Yes,DD,No,1141819,1788748
NOCTUIDAE,Aegle exquisita,DD,No,,No,,1788725
NOCTUIDAE,Aegle kaekeritziana,NT,No,NT,No,875837,9216200
NOCTUIDAE,Aegle pallida,DD,No,DD,No,978098,9082822
NOCTUIDAE,Aegle semicana,LC,No,LC,No,552540,9142207
NOCTUIDAE,Aegle vespertinalis,LC,No,LC,No,466329,1788734
NOCTUIDAE,Agrochola blidaensis,VU,No,VU,No,342906,1789984
NOCTUIDAE,Agrochola castanea,DD,No,DD,No,,
NOCTUIDAE,Agrochola consueta,DD,No,,No,,1790071
NOCTUIDAE,Agrochola deleta,DD,No,DD,No,,1790139
NOCTUIDAE,Agrochola gratiosa,LC,No,DD,No,1142609,1790031
NOCTUIDAE,Agrochola haematidea,LC,No,LC,No,475731,1790023
NOCTUIDAE,Agrochola helvola,LC,No,LC,No,483476,1790002
NOCTUIDAE,Agrochola humilis,LC,No,LC,No,830726,1790153
NOCTUIDAE,Agrochola kindermannii,LC,Yes,LC,No,1227896,1790086
NOCTUIDAE,Agrochola lactiflora,EN,No,EN,No,,1790049
NOCTUIDAE,Agrochola laevis,NT,No,NT,No,782749,1790042
NOCTUIDAE,Agrochola litura,LC,No,LC,No,326688,1789982
NOCTUIDAE,Agrochola lota,LC,No,LC,No,212855,1790084
NOCTUIDAE,Agrochola lunosa,LC,No,LC,No,461786,4533090
NOCTUIDAE,Agrochola luteogrisea,DD,No,DD,No,967250,1790147
NOCTUIDAE,Agrochola lychnidis,LC,No,LC,No,429110,4533115
NOCTUIDAE,Agrochola macilenta,LC,No,LC,No,372115,1790072
NOCTUIDAE,Agrochola mansueta,LC,No,LC,No,,1790131
NOCTUIDAE,Agrochola meridionalis,LC,No,LC,No,628562,1790085
NOCTUIDAE,Agrochola nitida,LC,No,LC,No,776876,1790062
NOCTUIDAE,Agrochola orejoni,LC,Yes,LC,Yes,342907,1789987
NOCTUIDAE,Agrochola orientalis,DD,Yes,DD,Yes,,4533098
NOCTUIDAE,Agrochola osthelderi,DD,No,DD,No,,1790089
NOCTUIDAE,Agrochola pistacinoides,LC,Yes,LC,No,564357,1790059
NOCTUIDAE,Agrochola prolai,NT,Yes,NT,Yes,823768,1790022
NOCTUIDAE,Agrochola rupicapra,DD,No,DD,No,978103,1790001
NOCTUIDAE,Agrochola ruticilla,LC,No,LC,No,,
NOCTUIDAE,Agrochola schreieri,DD,No,DD,No,,4533087
NOCTUIDAE,Agrochola thurneri,DD,Yes,DD,No,,1790135
NOCTUIDAE,Agrotis alexandriensis,LC,No,LC,No,1234385,4533694
NOCTUIDAE,Agrotis atrux,DD,Yes,DD,Yes,917429,1770965
NOCTUIDAE,Agrotis bigramma,LC,No,LC,No,497410,4533714
NOCTUIDAE,Agrotis boeticus,LC,No,LC,No,,
NOCTUIDAE,Agrotis catalaunensis,LC,No,LC,No,469808,4533720
NOCTUIDAE,Agrotis characteristica,DD,No,,No,875838,1771050
NOCTUIDAE,Agrotis charoae,LC,Yes,LC,Yes,,4533725
NOCTUIDAE,Agrotis chretieni,LC,Yes,LC,Yes,338940,1770946
NOCTUIDAE,Agrotis cinerea,LC,No,LC,No,483384,1770869
NOCTUIDAE,Agrotis clavis,LC,No,LC,No,359518,1770790
NOCTUIDAE,Agrotis corralejoi,NT,Yes,NT,Yes,,
NOCTUIDAE,Agrotis desertorum,LC,No,,No,875839,1770970
NOCTUIDAE,Agrotis endogaea,VU,No,VU,No,1237912,1771314
NOCTUIDAE,Agrotis exclamationis,LC,No,LC,No,132887,1771214
NOCTUIDAE,Agrotis fatidica,LC,No,LC,No,781952,1771169
NOCTUIDAE,Agrotis fortunata,DD,Yes,DD,Yes,917430,1770973
NOCTUIDAE,Agrotis frater,DD,No,,No,,4533713
NOCTUIDAE,Agrotis garretasorum,DD,Yes,DD,Yes,,
NOCTUIDAE,Agrotis graslinii,NT,No,NT,No,,
NOCTUIDAE,Agrotis herzogi,,No,,No,483390,1771163
NOCTUIDAE,Agrotis ipsilon,LC,No,LC,No,126276,1771245
NOCTUIDAE,Agrotis iremeli,DD,Yes,,No,,4533682
NOCTUIDAE,Agrotis lanzarotensis,LC,No,LC,No,917431,1770695
NOCTUIDAE,Agrotis lasserrei,DD,No,DD,No,792345,4533700
NOCTUIDAE,Agrotis lata,LC,No,LC,No,785345,1771143
NOCTUIDAE,Agrotis mayrorum,LC,Yes,LC,Yes,,
NOCTUIDAE,Agrotis mazeli,VU,Yes,VU,Yes,,
NOCTUIDAE,Agrotis obesa,LC,No,LC,No,751694,1771023
NOCTUIDAE,Agrotis pierreti,DD,No,DD,No,792346,4533705
NOCTUIDAE,Agrotis proverai,CR,Yes,CR,Yes,949153,4533730
NOCTUIDAE,Agrotis psammocharis,DD,No,DD,No,,1770851
NOCTUIDAE,Agrotis puta,LC,No,LC,No,324921,1770772
NOCTUIDAE,Agrotis ripae,VU,No,VU,No,483395,1771204
NOCTUIDAE,Agrotis ruta,DD,No,,No,212876,1771234
NOCTUIDAE,Agrotis rutae,LC,Yes,LC,Yes,,1771223
NOCTUIDAE,Agrotis sabine,DD,Yes,DD,Yes,,
NOCTUIDAE,Agrotis sabulosa,LC,Yes,LC,Yes,,1771211
NOCTUIDAE,Agrotis schawerdai,DD,Yes,DD,Yes,,4533695
NOCTUIDAE,Agrotis segetum,LC,No,LC,No,84455,1771040
NOCTUIDAE,Agrotis simplonia,VU,Yes,VU,No,781951,1770773
NOCTUIDAE,Agrotis spinifera,LC,No,LC,No,483573,1770782
NOCTUIDAE,Agrotis subspinifera,,No,,No,1205724,1771121
NOCTUIDAE,Agrotis trifurca,LC,No,DD,No,874233,1770874
NOCTUIDAE,Agrotis trux,LC,No,LC,No,347028,1770821
NOCTUIDAE,Agrotis turatii,LC,Yes,LC,Yes,707491,1771074
NOCTUIDAE,Agrotis vestigialis,LC,No,LC,No,483386,1770880
NOCTUIDAE,Agrotis villosus,DD,No,,No,,4533727
NOCTUIDAE,Agrotis yelai,EN,Yes,EN,Yes,1237914,4533702
NOCTUIDAE,Allophyes alfaroi,LC,Yes,LC,No,342908,1775913
NOCTUIDAE,Allophyes asiatica,DD,No,DD,No,,1775930
NOCTUIDAE,Allophyes corsica,LC,Yes,LC,Yes,956363,1775926
NOCTUIDAE,Allophyes cretica,LC,Yes,LC,Yes,,1775915
NOCTUIDAE,Allophyes oxyacanthae,LC,No,LC,No,332234,4534719
NOCTUIDAE,Alvaradoia disjecta,LC,Yes,LC,Yes,335055,1765604
NOCTUIDAE,Alvaradoia numerica,LC,Yes,LC,Yes,335056,1765603
NOCTUIDAE,Amephana anarrhini,LC,Yes,LC,Yes,1153810,1775299
NOCTUIDAE,Amephana aurita,LC,No,LC,No,937963,1775301
NOCTUIDAE,Amephana dalmatica,LC,No,LC,No,887148,1775300
NOCTUIDAE,Ammoconia aholai,DD,Yes,DD,Yes,,5110586
NOCTUIDAE,Ammoconia caecimacula,LC,No,LC,No,511538,5772269
NOCTUIDAE,Ammoconia reisseri,LC,Yes,LC,Yes,,5110599
NOCTUIDAE,Ammoconia senex,NT,No,NT,No,782724,5110593
NOCTUIDAE,Ammopolia witzenmanni,LC,No,LC,No,626439,1783090
NOCTUIDAE,Amphipoea crinanensis,LC,No,LC,No,483505,1771391
NOCTUIDAE,Amphipoea fucosa,LC,No,LC,No,470713,1771437
NOCTUIDAE,Amphipoea lucens,LC,No,LC,No,335609,1771429
NOCTUIDAE,Amphipoea oculea,LC,No,LC,No,201235,1771385
NOCTUIDAE,Amphipyra berbera,LC,No,LC,No,325248,1766128
NOCTUIDAE,Amphipyra cinnamomea,VU,No,VU,No,913252,4534697
NOCTUIDAE,Amphipyra effusa,LC,No,LC,No,596527,4534691
NOCTUIDAE,Amphipyra livida,LC,No,LC,No,472162,1766130
NOCTUIDAE,Amphipyra micans,LC,No,DD,No,1094927,1766140
NOCTUIDAE,Amphipyra molybdea,,No,,No,,1766194
NOCTUIDAE,Amphipyra perflua,LC,No,LC,No,604624,1766131
NOCTUIDAE,Amphipyra pyramidea,LC,No,LC,No,461937,1766137
NOCTUIDAE,Amphipyra stix,LC,No,LC,No,,1766206
NOCTUIDAE,Amphipyra tetra,NT,No,NT,No,472069,1766144
NOCTUIDAE,Amphipyra tragopoginis,LC,No,LC,No,127564,1766210
NOCTUIDAE,Amyna axis,,No,,No,538966,6115946
NOCTUIDAE,Anaplectoides prasina,LC,No,LC,No,213514,1766646
NOCTUIDAE,Anarta actinobola,DD,No,,No,,4534177
NOCTUIDAE,Anarta colletti,NT,No,,No,,4534196
NOCTUIDAE,Anarta deserticola,,No,,No,,4534154
NOCTUIDAE,Anarta dianthi,LC,No,LC,No,875840,4534180
NOCTUIDAE,Anarta gredosi,NT,Yes,NT,Yes,,4534188
NOCTUIDAE,Anarta halolimna,DD,No,,No,,4534152
NOCTUIDAE,Anarta hoplites,DD,No,,No,,4534155
NOCTUIDAE,Anarta melanopa,LC,No,LC,No,483421,1789553
NOCTUIDAE,Anarta mendax,DD,No,DD,No,,4534190
NOCTUIDAE,Anarta myrtilli,LC,No,LC,No,153107,1789580
NOCTUIDAE,Anarta odontites,LC,No,LC,No,782198,4534162
NOCTUIDAE,Anarta pugnax,LC,No,LC,No,898533,4534170
NOCTUIDAE,Anarta sabulorum,,No,,No,,4534202
NOCTUIDAE,Anarta sodae,LC,No,LC,No,814652,4534194
NOCTUIDAE,Anarta stigmosa,VU,No,VU,No,873722,4534172
NOCTUIDAE,Anarta trifolii,LC,No,LC,No,213535,4534166
NOCTUIDAE,Anorthoa munda,LC,No,LC,No,,
NOCTUIDAE,Anthracia ephialtes,LC,No,LC,No,1153817,5113400
NOCTUIDAE,Anthracia eriopoda,LC,No,LC,No,497411,5113401
NOCTUIDAE,Antitype chi,LC,No,LC,No,146701,1786902
NOCTUIDAE,Antitype jonis,VU,No,VU,No,949703,1786907
NOCTUIDAE,Antitype suda,VU,Yes,VU,No,829116,1786892
NOCTUIDAE,Apamea alpigena,LC,No,LC,No,,1796168
NOCTUIDAE,Apamea anceps,LC,No,LC,No,483495,1796113
NOCTUIDAE,Apamea aquila,LC,No,LC,No,472166,1795957
NOCTUIDAE,Apamea arabs,LC,No,LC,No,325512,1795862
NOCTUIDAE,Apamea baischi,DD,Yes,DD,Yes,,4534477
NOCTUIDAE,Apamea crenata,LC,No,LC,No,460241,1796169
NOCTUIDAE,Apamea epomidion,LC,No,LC,No,483494,1796139
NOCTUIDAE,Apamea exulis,LC,No,,No,1177151,1795848
NOCTUIDAE,Apamea ferrago,LC,No,,No,1142622,4534514
NOCTUIDAE,Apamea furva,LC,No,LC,No,479483,1795930
NOCTUIDAE,Apamea groenlandica,DD,No,,No,,1796193
NOCTUIDAE,Apamea illyria,LC,No,LC,No,740129,4534485
NOCTUIDAE,Apamea kuusamoensis,LC,Yes,LC,No,,10896542
NOCTUIDAE,Apamea lateritia,LC,No,LC,No,362608,1795854
NOCTUIDAE,Apamea leucodon,DD,No,,No,1148076,1796078
NOCTUIDAE,Apamea lithoxylaea,LC,No,LC,No,324839,4534486
NOCTUIDAE,Apamea maillardi,LC,Yes,LC,No,784468,1795896
NOCTUIDAE,Apamea michielii,DD,Yes,DD,No,,1795841
NOCTUIDAE,Apamea minoica,LC,Yes,LC,Yes,,4534490
NOCTUIDAE,Apamea monoglypha,LC,No,LC,No,205753,1796145
NOCTUIDAE,Apamea oblonga,NT,No,NT,No,451679,1796183
NOCTUIDAE,Apamea platinea,VU,No,VU,No,784478,1795914
NOCTUIDAE,Apamea ramonae,EN,Yes,EN,Yes,,8747732
NOCTUIDAE,Apamea remissa,LC,No,LC,No,213855,1796121
NOCTUIDAE,Apamea rubrirena,LC,No,LC,No,784471,1796007
NOCTUIDAE,Apamea scolopacina,LC,No,LC,No,347433,1795874
NOCTUIDAE,Apamea sicula,LC,No,LC,No,1142621,1795908
NOCTUIDAE,Apamea sordens,LC,No,LC,No,213859,1796117
NOCTUIDAE,Apamea sphagnicola,EN,Yes,EN,Yes,,8981440
NOCTUIDAE,Apamea sublustris,LC,No,LC,No,361087,1795946
NOCTUIDAE,Apamea syriaca,LC,No,LC,No,746946,1795900
NOCTUIDAE,Apamea unanimis,LC,No,LC,No,213861,1796188
NOCTUIDAE,Apamea zeta,LC,No,LC,No,213866,1796032
NOCTUIDAE,Apaustis rupicola,VU,No,VU,No,335063,1764637
NOCTUIDAE,Aporophyla australis,LC,No,LC,No,483462,1760857
NOCTUIDAE,Aporophyla canescens,LC,No,LC,No,332386,4533255
NOCTUIDAE,Aporophyla chioleuca,LC,No,LC,No,791122,1760867
NOCTUIDAE,Aporophyla lueneburgensis,LC,Yes,LC,No,483464,1760887
NOCTUIDAE,Aporophyla lutulenta,LC,No,LC,No,483463,1760893
NOCTUIDAE,Aporophyla nigra,LC,No,LC,No,342909,1760891
NOCTUIDAE,Apterogenum ypsillon,LC,No,LC,No,469926,4533202
NOCTUIDAE,Archanara dissoluta,LC,No,LC,No,325429,1789849
NOCTUIDAE,Archanara neurica,VU,No,VU,No,483511,1789840
NOCTUIDAE,Arenostola phragmitidis,LC,No,LC,No,324635,1796241
NOCTUIDAE,Argyrogramma fracta,,No,,No,,8828328
NOCTUIDAE,Argyrogramma signata,,No,,No,637193,5112423
NOCTUIDAE,Argyrospila succinea,DD,No,,No,784795,1792601
NOCTUIDAE,Armada panaceorum,,No,,No,978093,1792314
NOCTUIDAE,Asteroscopus sphinx,LC,No,LC,No,483460,1766274
NOCTUIDAE,Asteroscopus syriaca,DD,No,DD,No,891734,1766273
NOCTUIDAE,Atethmia algirica,LC,No,LC,No,565937,4533211
NOCTUIDAE,Atethmia ambusta,LC,No,LC,No,875842,1759159
NOCTUIDAE,Atethmia centrago,LC,No,LC,No,429128,1759153
NOCTUIDAE,Athetis furvula,LC,No,LC,No,498914,1787381
NOCTUIDAE,Athetis gluteosa,NT,No,NT,No,784512,1787213
NOCTUIDAE,Athetis hospes,LC,No,LC,No,470603,1787279
NOCTUIDAE,Athetis lepigone,LC,No,LC,No,824606,1787267
NOCTUIDAE,Athetis pallustris,LC,No,LC,No,483521,1787233
NOCTUIDAE,Atypha pulmonaris,LC,No,LC,No,775082,1782319
NOCTUIDAE,Auchmis detersa,LC,No,LC,No,552279,1761865
NOCTUIDAE,Autographa aemula,NT,No,NT,No,784518,1792410
NOCTUIDAE,Autographa bractea,LC,No,LC,No,367275,1792414
NOCTUIDAE,Autographa buraetica,LC,No,LC,No,452548,1792449
NOCTUIDAE,Autographa excelsa,LC,No,LC,No,824683,1792475
NOCTUIDAE,Autographa gamma,LC,No,LC,No,55651,1792418
NOCTUIDAE,Autographa jota,LC,No,LC,No,359095,1792426
NOCTUIDAE,Autographa macrogamma,VU,No,VU,No,875843,1792499
NOCTUIDAE,Autographa mandarina,LC,No,LC,No,805228,1792431
NOCTUIDAE,Autographa pulchrina,LC,No,LC,No,460243,1792411
NOCTUIDAE,Axylia putris,LC,No,LC,No,322128,1761438
NOCTUIDAE,Behounekia freyeri,DD,No,DD,No,1008845,4532737
NOCTUIDAE,Blepharita amica,LC,No,LC,No,523867,1776067
NOCTUIDAE,Brachionycha nubeculosa,LC,No,LC,No,483461,1779435
NOCTUIDAE,Brachygalea albolineata,DD,No,DD,No,978070,1793212
NOCTUIDAE,Brachylomia uralensis,DD,No,,No,,1779712
NOCTUIDAE,Brachylomia viminalis,LC,No,LC,No,470583,1779690
NOCTUIDAE,Brachyxanthia zelotypa,DD,No,,No,963403,1774063
NOCTUIDAE,Brithys crini,NT,No,NT,No,132092,1789957
NOCTUIDAE,Bryonycta opulenta,LC,Yes,LC,Yes,842048,1794352
NOCTUIDAE,Bryonycta pineti,LC,Yes,LC,No,638070,1794351
NOCTUIDAE,Bryophila amoenissima,DD,Yes,DD,Yes,983063,8975634
NOCTUIDAE,Bryophila domestica,LC,No,LC,No,174598,7981386
NOCTUIDAE,Bryophila ereptricula,LC,No,LC,No,784090,8921158
NOCTUIDAE,Bryophila felina,LC,No,LC,No,1111793,9035710
NOCTUIDAE,Bryophila galathea,LC,Yes,LC,No,,
NOCTUIDAE,Bryophila gea,DD,No,DD,No,,
NOCTUIDAE,Bryophila maeonis,DD,No,DD,No,1227784,8724397
NOCTUIDAE,Bryophila microglossa,LC,No,LC,No,955121,9189459
NOCTUIDAE,Bryophila microphysa,DD,Yes,DD,Yes,,8777187
NOCTUIDAE,Bryophila orthogramma,DD,No,DD,No,875844,8744388
NOCTUIDAE,Bryophila perloides,DD,Yes,DD,Yes,,
NOCTUIDAE,Bryophila petrea,LC,No,LC,No,1153861,7831841
NOCTUIDAE,Bryophila petricolor,LC,No,LC,No,1148567,9033519
NOCTUIDAE,Bryophila raptricula,LC,No,LC,No,764608,7521885
NOCTUIDAE,Bryophila ravula,LC,No,LC,No,475732,7712384
NOCTUIDAE,Bryophila rectilinea,LC,No,LC,No,1021012,8831094
NOCTUIDAE,Bryophila seladona,DD,No,DD,No,,
NOCTUIDAE,Bryophila strobinoi,CR,Yes,CR,Yes,,9013391
NOCTUIDAE,Bryophila tephrocharis,LC,No,LC,No,,9069966
NOCTUIDAE,Bryophila vandalusiae,LC,No,LC,No,911833,8304206
NOCTUIDAE,Bryopsis amasina,LC,No,LC,No,,
NOCTUIDAE,Bryopsis muralis,LC,No,LC,No,,
NOCTUIDAE,Bryopsis segunai,DD,Yes,DD,Yes,,
NOCTUIDAE,Calamia tridens,LC,No,LC,No,483509,5110200
NOCTUIDAE,Calliergis ramosa,LC,No,LC,No,782700,1764673
NOCTUIDAE,Callopistria juventina,LC,No,LC,No,202812,5108761
NOCTUIDAE,Callopistria latreillei,LC,No,LC,No,477078,5108660
NOCTUIDAE,Calocucullia celsiae,LC,No,LC,No,978074,1764209
NOCTUIDAE,Calophasia acuta,DD,No,DD,No,,1796457
NOCTUIDAE,Calophasia almoravida,LC,No,LC,No,466367,1796418
NOCTUIDAE,Calophasia barthae,DD,No,DD,No,,1796454
NOCTUIDAE,Calophasia hamifera,LC,No,LC,No,635366,1796422
NOCTUIDAE,Calophasia lunula,LC,No,LC,No,215780,1796463
NOCTUIDAE,Calophasia opalina,LC,No,LC,No,550492,1796423
NOCTUIDAE,Calophasia platyptera,NT,No,NT,No,325513,1796451
NOCTUIDAE,Caradrina abruzzensis,DD,No,DD,No,1253551,4534266
NOCTUIDAE,Caradrina agrotina,DD,No,DD,No,,4534269
NOCTUIDAE,Caradrina albina,LC,No,LC,No,824871,1765010
NOCTUIDAE,Caradrina armeniaca,DD,No,DD,No,1153865,1765065
NOCTUIDAE,Caradrina aspersa,LC,No,LC,No,475584,1764986
NOCTUIDAE,Caradrina atriluna,,No,,No,603871,4534244
NOCTUIDAE,Caradrina clavipalpis,LC,No,LC,No,174482,4534245
NOCTUIDAE,Caradrina distigma,DD,No,DD,No,174480,4534277
NOCTUIDAE,Caradrina draudti,DD,No,DD,No,,1764935
NOCTUIDAE,Caradrina expansa,DD,No,,No,,1764990
NOCTUIDAE,Caradrina fergana,DD,No,,No,,1764946
NOCTUIDAE,Caradrina flava,LC,No,LC,No,716343,4534275
NOCTUIDAE,Caradrina flavirena,LC,No,LC,No,497520,4534252
NOCTUIDAE,Caradrina fulvafusca,DD,No,,No,,4534237
NOCTUIDAE,Caradrina fuscicornis,DD,Yes,DD,Yes,174484,4534248
NOCTUIDAE,Caradrina germainii,LC,No,LC,No,1143438,1765073
NOCTUIDAE,Caradrina gilva,LC,No,LC,No,784511,1764987
NOCTUIDAE,Caradrina ibeasi,LC,No,LC,No,,1765042
NOCTUIDAE,Caradrina ingrata,LC,No,LC,No,924391,1764981
NOCTUIDAE,Caradrina kadenii,LC,No,LC,No,174488,1765017
NOCTUIDAE,Caradrina levantina,DD,No,DD,No,978069,4534249
NOCTUIDAE,Caradrina minoica,DD,Yes,DD,Yes,1142456,4534256
NOCTUIDAE,Caradrina montana,NT,No,NT,No,216095,1765044
NOCTUIDAE,Caradrina morpheus,LC,No,LC,No,216096,1765011
NOCTUIDAE,Caradrina noctivaga,LC,No,LC,No,777407,4534240
NOCTUIDAE,Caradrina oberthuri,,No,,No,174481,1765058
NOCTUIDAE,Caradrina pertinax,DD,No,DD,No,978081,1764985
NOCTUIDAE,Caradrina petraea,LC,No,LC,No,824872,1765031
NOCTUIDAE,Caradrina proxima,LC,No,LC,No,466328,1765069
NOCTUIDAE,Caradrina rebeli,LC,Yes,LC,Yes,871340,4534250
NOCTUIDAE,Caradrina selini,LC,No,LC,No,497521,4534257
NOCTUIDAE,Caradrina suscianja,LC,No,LC,No,1142458,4534260
NOCTUIDAE,Caradrina syriaca,DD,No,DD,No,,1765064
NOCTUIDAE,Caradrina terrea,LC,No,LC,No,875845,1765038
NOCTUIDAE,Caradrina vicina,DD,No,DD,No,,1764941
NOCTUIDAE,Caradrina wullschlegeli,LC,No,LC,No,903386,4534261
NOCTUIDAE,Caradrina zandi,DD,No,DD,No,,4534241
NOCTUIDAE,Caradrina zernyi,DD,No,DD,No,978065,1764930
NOCTUIDAE,Cardepia affinis,,No,,No,1154130,1794534
NOCTUIDAE,Cardepia hartigi,LC,No,LC,No,1148068,1794548
NOCTUIDAE,Cardepia irrisoria,DD,No,,No,875847,1794536
NOCTUIDAE,Cardepia sociabilis,LC,No,LC,No,1096123,1794532
NOCTUIDAE,Catocala adultera,LC,No,LC,No,781120,1797103
NOCTUIDAE,Catocala brandti,DD,No,DD,No,,1797446
NOCTUIDAE,Catocala coniuncta,LC,No,LC,No,554257,4532485
NOCTUIDAE,Catocala conversa,VU,No,VU,No,473448,1797349
NOCTUIDAE,Catocala deducta,DD,No,,No,752236,1797232
NOCTUIDAE,Catocala detrita,DD,No,,No,,1797293
NOCTUIDAE,Catocala dilecta,LC,No,LC,No,509051,1797150
NOCTUIDAE,Catocala disjuncta,VU,No,VU,No,856416,4532468
NOCTUIDAE,Catocala diversa,VU,No,VU,No,856417,4532459
NOCTUIDAE,Catocala electa,LC,No,LC,No,128248,1797428
NOCTUIDAE,Catocala elocata,LC,No,LC,No,116752,1797276
NOCTUIDAE,Catocala eutychea,LC,No,LC,No,501532,4532461
NOCTUIDAE,Catocala fraxini,LC,No,LC,No,128252,1797479
NOCTUIDAE,Catocala fulminea,LC,No,LC,No,503276,4532471
NOCTUIDAE,Catocala hymenaea,LC,No,LC,No,504262,1797429
NOCTUIDAE,Catocala lupina,DD,No,DD,No,835921,1797303
NOCTUIDAE,Catocala mariana,LC,Yes,LC,Yes,714236,1797324
NOCTUIDAE,Catocala neonympha,DD,No,,No,875376,4532463
NOCTUIDAE,Catocala nupta,LC,No,LC,No,116385,1797258
NOCTUIDAE,Catocala nymphaea,VU,No,VU,No,546448,4532473
NOCTUIDAE,Catocala nymphagoga,LC,No,LC,No,128258,1797333
NOCTUIDAE,Catocala oberthuri,LC,No,LC,No,,4532483
NOCTUIDAE,Catocala optata,LC,No,LC,No,502371,1797542
NOCTUIDAE,Catocala pacta,LC,No,LC,No,869753,1797374
NOCTUIDAE,Catocala promissa,LC,No,LC,No,128255,1797178
NOCTUIDAE,Catocala puerpera,NT,No,NT,No,497111,1797454
NOCTUIDAE,Catocala separata,LC,No,LC,No,1113105,4532467
NOCTUIDAE,Catocala sponsa,LC,No,LC,No,128245,1797367
NOCTUIDAE,Celaena haworthii,LC,No,LC,No,483124,4534463
NOCTUIDAE,Ceramica pisi,LC,No,LC,No,143145,4534207
NOCTUIDAE,Cerapteryx graminis,LC,No,LC,No,324217,1763610
NOCTUIDAE,Cerastis faceta,LC,No,LC,No,468709,5110858
NOCTUIDAE,Cerastis leucographa,LC,No,LC,No,483418,5110871
NOCTUIDAE,Cerastis rubricosa,LC,No,LC,No,479736,5110885
NOCTUIDAE,Cervyna cervago,LC,No,LC,No,1008858,4534452
NOCTUIDAE,Charanyca trigrammica,LC,No,LC,No,319711,1778074
NOCTUIDAE,Chersotis alpestris,LC,No,LC,No,781945,4533641
NOCTUIDAE,Chersotis anatolica,LC,No,LC,No,914028,1766771
NOCTUIDAE,Chersotis andereggii,LC,No,LC,No,781946,1766734
NOCTUIDAE,Chersotis capnistis,DD,No,DD,No,,1766789
NOCTUIDAE,Chersotis cuprea,LC,No,LC,No,332688,1766741
NOCTUIDAE,Chersotis cyrnea,DD,Yes,DD,Yes,910107,1766730
NOCTUIDAE,Chersotis elegans,LC,No,LC,No,1125246,1766709
NOCTUIDAE,Chersotis fimbriola,LC,No,LC,No,716384,1766784
NOCTUIDAE,Chersotis laeta,LC,No,LC,No,497523,1766828
NOCTUIDAE,Chersotis larixia,LC,No,LC,No,,1766751
NOCTUIDAE,Chersotis margaritacea,LC,No,LC,No,781921,1766721
NOCTUIDAE,Chersotis multangula,LC,No,LC,No,781922,1766814
NOCTUIDAE,Chersotis obnubila,,No,,No,,4533599
NOCTUIDAE,Chersotis ocellina,LC,Yes,LC,No,765026,1766718
NOCTUIDAE,Chersotis oreina,LC,Yes,LC,No,565398,1766823
NOCTUIDAE,Chersotis rectangula,LC,No,LC,No,495450,1766773
NOCTUIDAE,Chersotis stridula,DD,No,,No,,1766780
NOCTUIDAE,Chersotis transiens,DD,No,,No,915390,1766770
NOCTUIDAE,Chersotis zukowskyi,DD,No,DD,No,,1766754
NOCTUIDAE,Chilodes distracta,DD,No,,No,875849,1778582
NOCTUIDAE,Chilodes maritima,LC,No,LC,No,738989,1778596
NOCTUIDAE,Chloantha hyperici,LC,No,LC,No,495570,5772309
NOCTUIDAE,Chrysodeixis acuta,,No,,No,446982,1785181
NOCTUIDAE,Chrysodeixis chalcites,LC,No,LC,No,339539,1785185
NOCTUIDAE,Cirrhia austauti,DD,No,DD,No,,
NOCTUIDAE,Cirrhia gilvago,LC,No,LC,No,,
NOCTUIDAE,Cirrhia icteritia,LC,No,LC,No,,
NOCTUIDAE,Cirrhia ocellaris,LC,No,LC,No,,
NOCTUIDAE,Clemathada calberlai,LC,Yes,LC,No,547325,4533957
NOCTUIDAE,Cleoceris scoriacea,NT,No,NT,No,926886,7654770
NOCTUIDAE,Cleonymia baetica,LC,No,LC,No,325528,1774859
NOCTUIDAE,Cleonymia diffluens,LC,No,LC,No,803569,1774873
NOCTUIDAE,Cleonymia korbi,DD,Yes,DD,Yes,502568,1774862
NOCTUIDAE,Cleonymia opposita,DD,No,DD,No,977969,1774875
NOCTUIDAE,Cleonymia pectinicornis,LC,No,LC,No,977970,1774858
NOCTUIDAE,Cleonymia yvanii,LC,Yes,LC,No,325530,1774878
NOCTUIDAE,Coenobia rufa,LC,Yes,LC,No,483514,1775891
NOCTUIDAE,Coenophila subrosea,LC,No,LC,No,483407,1781694
NOCTUIDAE,Colocasia coryli,LC,No,LC,No,337446,5114198
NOCTUIDAE,Condica capensis,LC,No,LC,No,483517,4532702
NOCTUIDAE,Condica viscosa,LC,No,LC,No,466353,4532700
NOCTUIDAE,Conisania arida,DD,No,,No,,1788781
NOCTUIDAE,Conisania cervina,DD,Yes,DD,No,875850,1788775
NOCTUIDAE,Conisania leineri,LC,No,LC,No,748603,1788774
NOCTUIDAE,Conisania poelli,EN,No,EN,No,782214,1788768
NOCTUIDAE,Conisania renati,LC,Yes,LC,No,,1788778
NOCTUIDAE,Conistra alicia,LC,No,LC,No,834260,1768845
NOCTUIDAE,Conistra daubei,LC,No,LC,No,961010,1768741
NOCTUIDAE,Conistra erythrocephala,LC,No,LC,No,481599,1768815
NOCTUIDAE,Conistra gallica,NT,No,NT,No,856711,1768781
NOCTUIDAE,Conistra haleae,DD,Yes,DD,Yes,,4533157
NOCTUIDAE,Conistra iana,DD,Yes,DD,Yes,,4533164
NOCTUIDAE,Conistra intricata,LC,No,LC,No,1157854,1768722
NOCTUIDAE,Conistra ligula,LC,No,LC,No,343152,1768729
NOCTUIDAE,Conistra ragusae,LC,No,LC,No,,1768798
NOCTUIDAE,Conistra rubiginea,LC,No,LC,No,343153,1768771
NOCTUIDAE,Conistra rubiginosa,LC,No,LC,No,319032,1768749
NOCTUIDAE,Conistra rubricans,DD,Yes,DD,Yes,,4533158
NOCTUIDAE,Conistra staudingeri,LC,No,LC,No,703296,1768727
NOCTUIDAE,Conistra torrida,LC,No,LC,No,961239,1768735
NOCTUIDAE,Conistra vaccinii,LC,No,LC,No,311616,1768702
NOCTUIDAE,Conistra veronicae,LC,No,LC,No,830729,1768819
NOCTUIDAE,Coranarta cordigera,NT,No,NT,No,174223,4534038
NOCTUIDAE,Coranarta restricta,DD,Yes,DD,Yes,174222,4534037
NOCTUIDAE,Cornutiplusia circumflexa,LC,No,LC,No,,
NOCTUIDAE,Cosmia affinis,LC,No,LC,No,483492,1769519
NOCTUIDAE,Cosmia confinis,LC,No,LC,No,905121,1769514
NOCTUIDAE,Cosmia contusa,NT,No,VU,No,,
NOCTUIDAE,Cosmia diffinis,NT,No,NT,No,483493,1769543
NOCTUIDAE,Cosmia pyralina,LC,No,LC,No,55660,1769505
NOCTUIDAE,Cosmia trapezina,LC,No,LC,No,324215,1769566
NOCTUIDAE,Craniophora ligustri,LC,No,LC,No,320071,1791422
NOCTUIDAE,Craniophora pontica,LC,No,LC,No,338942,1791384
NOCTUIDAE,Cryphia algae,LC,No,LC,No,342903,1795215
NOCTUIDAE,Cryphia amygdalina,DD,Yes,DD,Yes,,1795364
NOCTUIDAE,Cryphia claudiae,DD,Yes,DD,Yes,,
NOCTUIDAE,Cryphia electra,LC,Yes,LC,Yes,,8756915
NOCTUIDAE,Cryphia fraudatricula,LC,No,LC,No,827992,1795282
NOCTUIDAE,Cryphia lusitanica,LC,No,LC,No,,1795356
NOCTUIDAE,Cryphia ochsi,NT,No,NT,No,470494,1795236
NOCTUIDAE,Cryphia omalosi,DD,Yes,DD,Yes,,
NOCTUIDAE,Cryphia pallida,LC,No,LC,No,792681,1795180
NOCTUIDAE,Cryphia receptricula,LC,No,LC,No,875852,1795349
NOCTUIDAE,Cryphia simulatricula,LC,Yes,LC,No,1151502,1795366
NOCTUIDAE,Cryphia tenerifensis,LC,Yes,LC,Yes,1129282,1795165
NOCTUIDAE,Crypsedra gemmea,LC,Yes,LC,No,520741,4534540
NOCTUIDAE,Cryptocala chardinyi,LC,No,LC,No,,
NOCTUIDAE,Ctenoplusia accentifera,LC,No,LC,No,483542,1785361
NOCTUIDAE,Ctenoplusia limbirena,LC,No,LC,No,342348,1785329
NOCTUIDAE,Cucullia absinthii,LC,No,LC,No,345055,5109599
NOCTUIDAE,Cucullia achilleae,DD,Yes,DD,Yes,521431,5109536
NOCTUIDAE,Cucullia amota,DD,No,,No,,5109710
NOCTUIDAE,Cucullia argentea,VU,No,VU,No,483575,5109641
NOCTUIDAE,Cucullia argentina,DD,No,DD,No,713213,5109558
NOCTUIDAE,Cucullia artemisiae,LC,No,LC,No,483455,5109595
NOCTUIDAE,Cucullia asteris,NT,No,NT,No,483456,5109614
NOCTUIDAE,Cucullia balsamitae,LC,No,LC,No,854495,5109554
NOCTUIDAE,Cucullia barthae,DD,No,DD,No,716332,5109541
NOCTUIDAE,Cucullia biornata,LC,No,VU,No,875853,5109529
NOCTUIDAE,Cucullia biskrana,,No,,No,,8785647
NOCTUIDAE,Cucullia blattariae,VU,No,VU,No,821929,5109489
NOCTUIDAE,Cucullia boryphora,DD,No,,No,977963,5109738
NOCTUIDAE,Cucullia bubaceki,NT,Yes,NT,Yes,1089818,5109681
NOCTUIDAE,Cucullia calendulae,LC,No,LC,No,325531,5109646
NOCTUIDAE,Cucullia campanulae,LC,No,LC,No,554741,5109576
NOCTUIDAE,Cucullia canariensis,LC,Yes,LC,Yes,896623,5109563
NOCTUIDAE,Cucullia caninae,LC,Yes,LC,No,701555,5109550
NOCTUIDAE,Cucullia cemenelensis,DD,Yes,DD,Yes,1142424,5109513
NOCTUIDAE,Cucullia chamomillae,LC,No,LC,No,468695,5109498
NOCTUIDAE,Cucullia cineracea,DD,No,DD,No,875854,5109700
NOCTUIDAE,Cucullia dracunculi,LC,No,LC,No,875855,5109569
NOCTUIDAE,Cucullia erythrocephala,LC,No,LC,No,1154137,5109543
NOCTUIDAE,Cucullia formosa,NT,Yes,NT,No,821926,5109706
NOCTUIDAE,Cucullia fraudatrix,LC,No,LC,No,605736,5109670
NOCTUIDAE,Cucullia fuchsiana,,No,,No,,5109634
NOCTUIDAE,Cucullia gnaphalii,NT,No,NT,No,483457,5109552
NOCTUIDAE,Cucullia gozmanyi,NT,Yes,NT,No,895220,8752844
NOCTUIDAE,Cucullia hartigi,DD,Yes,DD,Yes,1080007,5109746
NOCTUIDAE,Cucullia inderiensis,DD,No,,No,1233142,5109560
NOCTUIDAE,Cucullia lactea,DD,No,,No,875856,5109732
NOCTUIDAE,Cucullia lactucae,NT,No,NT,No,483576,5109722
NOCTUIDAE,Cucullia lindei,DD,No,,No,827994,5109519
NOCTUIDAE,Cucullia lucifuga,LC,No,LC,No,502859,5109506
NOCTUIDAE,Cucullia lychnitis,LC,No,LC,No,483458,5109480
NOCTUIDAE,Cucullia magnifica,DD,No,,No,971092,5109604
NOCTUIDAE,Cucullia mixta,DD,No,DD,No,1233143,5109677
NOCTUIDAE,Cucullia naruenensis,DD,No,,No,875857,5109667
NOCTUIDAE,Cucullia praecana,NT,No,NT,No,989582,5109584
NOCTUIDAE,Cucullia prenanthis,LC,No,LC,No,483577,5109545
NOCTUIDAE,Cucullia propinqua,DD,No,,No,1233144,5109482
NOCTUIDAE,Cucullia pustulata,LC,No,LC,No,828878,5109662
NOCTUIDAE,Cucullia reisseri,LC,No,LC,No,,5109708
NOCTUIDAE,Cucullia sabulosa,,No,,No,,5109649
NOCTUIDAE,Cucullia santolinae,LC,No,LC,No,1080221,5109624
NOCTUIDAE,Cucullia santonici,LC,No,LC,No,875858,5109542
NOCTUIDAE,Cucullia scopariae,CR,No,CR,No,875859,5109503
NOCTUIDAE,Cucullia scrophulariae,LC,No,LC,No,477033,5109748
NOCTUIDAE,Cucullia scrophulariphaga,LC,Yes,LC,Yes,1080297,8368811
NOCTUIDAE,Cucullia scrophulariphila,LC,No,LC,No,1077167,5109705
NOCTUIDAE,Cucullia spectabilisoides,DD,No,,No,1233145,8931590
NOCTUIDAE,Cucullia splendida,DD,No,,No,856419,5109577
NOCTUIDAE,Cucullia syrtana,,No,,No,,5772586
NOCTUIDAE,Cucullia tanaceti,LC,No,LC,No,780067,5109686
NOCTUIDAE,Cucullia thapsiphaga,VU,No,VU,No,563633,5109665
NOCTUIDAE,Cucullia tiefi,,No,,No,,5109643
NOCTUIDAE,Cucullia umbratica,LC,No,LC,No,429136,5109523
NOCTUIDAE,Cucullia verbasci,LC,No,LC,No,61970,5109661
NOCTUIDAE,Cucullia virgaureae,DD,No,,No,1148078,5109615
NOCTUIDAE,Cucullia xeranthemi,NT,No,NT,No,782689,5109557
NOCTUIDAE,Dasypolia esseri,DD,Yes,DD,Yes,,4533247
NOCTUIDAE,Dasypolia ferdinandi,LC,No,LC,No,,1769074
NOCTUIDAE,Dasypolia templi,LC,No,LC,No,483122,1769057
NOCTUIDAE,Dasypolia timoi,DD,No,,No,1235662,4533239
NOCTUIDAE,Deltote bankiana,LC,No,LC,No,61799,1785286
NOCTUIDAE,Deltote deceptoria,LC,No,LC,No,483539,4532888
NOCTUIDAE,Deltote pygarga,LC,No,LC,No,603136,4532890
NOCTUIDAE,Deltote uncula,LC,No,LC,No,470724,4532886
NOCTUIDAE,Denticucullus mabillei,DD,No,DD,No,1154138,4534406
NOCTUIDAE,Denticucullus pygmina,LC,No,LC,No,429143,4534408
NOCTUIDAE,Diachrysia chrysitis,LC,No,LC,No,358031,1785888
NOCTUIDAE,Diachrysia chryson,LC,No,LC,No,483544,1785887
NOCTUIDAE,Diachrysia generosa,DD,No,,No,1141290,1785905
NOCTUIDAE,Diachrysia nadeja,NT,No,NT,No,875860,1785906
NOCTUIDAE,Diachrysia stenochrysis,LC,No,LC,No,362097,1785895
NOCTUIDAE,Diachrysia zosimi,LC,No,LC,No,787784,1785883
NOCTUIDAE,Diarsia brunnea,LC,No,LC,No,460224,4533431
NOCTUIDAE,Diarsia dahlii,LC,No,LC,No,325436,4533444
NOCTUIDAE,Diarsia florida,LC,No,LC,No,1477161,4533442
NOCTUIDAE,Diarsia guadarramensis,LC,Yes,LC,No,1145353,4533429
NOCTUIDAE,Diarsia mendica,LC,No,LC,No,483413,4533433
NOCTUIDAE,Diarsia rubi,LC,No,LC,No,320189,4533446
NOCTUIDAE,Dichagyris adelfi,DD,Yes,DD,Yes,,4533876
NOCTUIDAE,Dichagyris candelisequa,NT,No,NT,No,565890,4533882
NOCTUIDAE,Dichagyris celsicola,DD,No,DD,No,751713,4533831
NOCTUIDAE,Dichagyris constanti,LC,No,LC,No,1114444,1789350
NOCTUIDAE,Dichagyris duskei,DD,No,,No,,4533894
NOCTUIDAE,Dichagyris endemica,DD,Yes,DD,Yes,,4533872
NOCTUIDAE,Dichagyris eremicola,DD,No,,No,1114443,1789322
NOCTUIDAE,Dichagyris erubescens,,No,,No,716375,1789397
NOCTUIDAE,Dichagyris fidelis,LC,No,LC,No,,4533874
NOCTUIDAE,Dichagyris flammatra,LC,No,LC,No,716345,4533926
NOCTUIDAE,Dichagyris flavina,NT,No,NT,No,751710,4533849
NOCTUIDAE,Dichagyris forcipula,LC,No,LC,No,751712,4533906
NOCTUIDAE,Dichagyris forficula,DD,No,DD,No,751709,1789357
NOCTUIDAE,Dichagyris gracilis,DD,No,DD,No,977953,4533877
NOCTUIDAE,Dichagyris himalayensis,,No,,No,1148066,1789309
NOCTUIDAE,Dichagyris imperator,DD,No,DD,No,,1789362
NOCTUIDAE,Dichagyris insula,DD,Yes,DD,Yes,,4533866
NOCTUIDAE,Dichagyris latipennis,,No,,No,,4533891
NOCTUIDAE,Dichagyris lutescens,DD,No,,No,,4533839
NOCTUIDAE,Dichagyris lux,DD,No,,No,,4533895
NOCTUIDAE,Dichagyris mansoura,DD,No,DD,No,,4533928
NOCTUIDAE,Dichagyris melanura,DD,No,DD,No,751707,1789297
NOCTUIDAE,Dichagyris multicuspis,DD,No,,No,,4533853
NOCTUIDAE,Dichagyris musiva,VU,No,VU,No,506211,4533924
NOCTUIDAE,Dichagyris nachadira,,No,,No,875861,4533902
NOCTUIDAE,Dichagyris nigrescens,VU,No,VU,No,751711,1789403
NOCTUIDAE,Dichagyris orientis,LC,No,LC,No,875863,4533918
NOCTUIDAE,Dichagyris renigera,LC,No,LC,No,497525,1789359
NOCTUIDAE,Dichagyris rhadamanthys,DD,Yes,DD,Yes,,1789379
NOCTUIDAE,Dichagyris signifera,LC,No,LC,No,751716,4533889
NOCTUIDAE,Dichagyris soror,DD,No,DD,No,,4533868
NOCTUIDAE,Dichagyris squalidior,,No,,No,751705,1789347
NOCTUIDAE,Dichagyris squalorum,DD,No,,No,751704,1789311
NOCTUIDAE,Dichagyris terminicincta,DD,No,,No,751706,1789336
NOCTUIDAE,Dichagyris tyrannus,,No,,No,,1789401
NOCTUIDAE,Dichagyris vallesiaca,DD,No,DD,No,781950,1789363
NOCTUIDAE,Dichonia aeruginea,VU,No,VU,No,891793,1775165
NOCTUIDAE,Dichonia convergens,VU,No,VU,No,782708,1775172
NOCTUIDAE,Dicycla oo,VU,No,VU,No,483490,1765954
NOCTUIDAE,Diloba caeruleocephala,LC,No,LC,No,483377,1777253
NOCTUIDAE,Dioszeghyana schmidtii,DD,No,DD,No,,
NOCTUIDAE,Divaena haywardi,LC,No,LC,No,856420,1786816
NOCTUIDAE,Dryobota labecula,LC,No,LC,No,466465,1792768
NOCTUIDAE,Dryobotodes carbonis,NT,No,NT,No,829591,1789273
NOCTUIDAE,Dryobotodes eremita,LC,No,LC,No,343154,1789267
NOCTUIDAE,Dryobotodes monochroma,LC,No,LC,No,511393,1789250
NOCTUIDAE,Dryobotodes roboris,LC,No,LC,No,511469,1789277
NOCTUIDAE,Dryobotodes servadeii,LC,No,LC,No,,1789280
NOCTUIDAE,Dryobotodes tenebrosa,LC,No,LC,No,466309,1789255
NOCTUIDAE,Dypterygia scabriuscula,LC,No,LC,No,470896,1776862
NOCTUIDAE,Egira anatolica,LC,No,LC,No,871362,1792083
NOCTUIDAE,Egira conspicillaris,LC,No,LC,No,319550,1792061
NOCTUIDAE,Egira tibori,LC,No,LC,No,977942,4534358
NOCTUIDAE,Elaphria venustula,LC,No,LC,No,417886,1780378
NOCTUIDAE,Enargia abluta,LC,No,LC,No,1062072,1770152
NOCTUIDAE,Enargia paleacea,LC,No,LC,No,465843,1770150
NOCTUIDAE,Enterpia laudeti,LC,No,LC,No,716358,4534209
NOCTUIDAE,Enterpia roseocandida,,No,,No,,4534211
NOCTUIDAE,Eogena contaminei,DD,No,,No,,1783238
NOCTUIDAE,Epilecta linogrisea,LC,No,LC,No,,
NOCTUIDAE,Epimecia ustula,NT,No,NT,No,477034,1774272
NOCTUIDAE,Epipsilia cervantes,LC,No,LC,No,,1786947
NOCTUIDAE,Epipsilia grisescens,LC,No,LC,No,781947,1786936
NOCTUIDAE,Epipsilia latens,VU,No,VU,No,781949,1786931
NOCTUIDAE,Episema amasina,DD,No,,No,875865,1786666
NOCTUIDAE,Episema glaucina,LC,No,NT,No,782697,1786619
NOCTUIDAE,Episema gozmanyi,LC,Yes,LC,Yes,,1786673
NOCTUIDAE,Episema grueneri,LC,Yes,LC,Yes,1133603,1786658
NOCTUIDAE,Episema korsakovi,LC,No,LC,No,875866,1786636
NOCTUIDAE,Episema kuorion,DD,Yes,DD,Yes,,
NOCTUIDAE,Episema lederi,LC,No,LC,No,875867,1786664
NOCTUIDAE,Episema tersa,LC,No,LC,No,875868,1786651
NOCTUIDAE,Eremobia ochroleuca,LC,No,LC,No,325967,5110670
NOCTUIDAE,Eremohadenachenopodiphaga,DD,No,DD,No,,
NOCTUIDAE,Eremohadena halimi,DD,No,DD,No,,4533078
NOCTUIDAE,Eremohadena immunda,,No,,No,875869,4533076
NOCTUIDAE,Eremohadena mariana,LC,Yes,LC,Yes,1154142,4571495
NOCTUIDAE,Eremohadena roseonitens,DD,No,DD,No,,4533072
NOCTUIDAE,Eremopola lenis,NT,No,NT,No,,1760368
NOCTUIDAE,Eremopola orana,EN,No,EN,No,1123501,4534341
NOCTUIDAE,Eriopygodes imbecilla,LC,No,LC,No,479675,1794361
NOCTUIDAE,Eriopygodes impar,DD,No,,No,,1794370
NOCTUIDAE,Eucarta amethystina,NT,No,EN,No,483585,1770595
NOCTUIDAE,Eucarta virgo,LC,No,LC,No,471278,4532696
NOCTUIDAE,Euchalcia bellieri,EN,Yes,EN,Yes,559039,1770537
NOCTUIDAE,Euchalcia biezankoi,DD,No,,No,875871,1770522
NOCTUIDAE,Euchalcia chlorocharis,DD,Yes,DD,No,,1770497
NOCTUIDAE,Euchalcia consona,NT,No,VU,No,875872,1770489
NOCTUIDAE,Euchalcia emichi,DD,No,DD,No,,1770534
NOCTUIDAE,Euchalcia italica,LC,Yes,LC,Yes,797508,1770523
NOCTUIDAE,Euchalcia modestoides,LC,No,NT,No,797806,4532929
NOCTUIDAE,Euchalcia siderifera,DD,No,CR,No,1031979,1770535
NOCTUIDAE,Euchalcia variabilis,NT,No,NT,No,483545,1770530
NOCTUIDAE,Eucoptocnemis optabilis,LC,No,LC,No,1137116,4533937
NOCTUIDAE,Eugnorisma arenoflavida,LC,Yes,LC,Yes,934265,4533663
NOCTUIDAE,Eugnorisma chaldacica,DD,No,,No,,
NOCTUIDAE,Eugnorisma depuncta,LC,No,LC,No,483410,4533661
NOCTUIDAE,Eugnorisma eminens,,No,,No,,4533675
NOCTUIDAE,Eugnorisma glareosa,LC,No,LC,No,,4533671
NOCTUIDAE,Eugnorisma ignoratum,DD,No,,No,875873,4533678
NOCTUIDAE,Eugnorisma insignata,DD,No,,No,751720,4533673
NOCTUIDAE,Eugnorisma miniago,DD,No,,No,875874,4533669
NOCTUIDAE,Eugnorisma pontica,LC,No,LC,No,977922,4533665
NOCTUIDAE,Eugnorisma puengeleri,,No,,No,,4533677
NOCTUIDAE,Eugraphe sigma,LC,No,LC,No,495624,1778143
NOCTUIDAE,Euplexia dubiosa,LC,Yes,LC,Yes,917433,1776645
NOCTUIDAE,Euplexia euplexina,LC,Yes,LC,Yes,,1776597
NOCTUIDAE,Euplexia lucipara,LC,No,LC,No,322807,1776619
NOCTUIDAE,Eupsilia transversa,LC,No,LC,No,244708,1758878
NOCTUIDAE,Eurois occulta,LC,No,LC,No,219856,1769958
NOCTUIDAE,Euxoa acuminifera,,No,,No,,1773204
NOCTUIDAE,Euxoa adumbrata,NT,No,NT,No,219912,4533814
NOCTUIDAE,Euxoa aquilina,LC,No,LC,No,781955,1773484
NOCTUIDAE,Euxoa basigramma,DD,No,,No,875875,1773471
NOCTUIDAE,Euxoa beatissima,DD,Yes,DD,Yes,,1773441
NOCTUIDAE,Euxoa birivia,EN,No,EN,No,781954,1773381
NOCTUIDAE,Euxoa canariensis,LC,No,LC,No,716372,1773230
NOCTUIDAE,Euxoa christophi,DD,No,,No,875876,1773016
NOCTUIDAE,Euxoa conspicua,LC,No,LC,No,751603,1773120
NOCTUIDAE,Euxoa continentalis,DD,Yes,DD,Yes,,1773031
NOCTUIDAE,Euxoa cos,LC,No,LC,No,875877,1773493
NOCTUIDAE,Euxoa culminicola,NT,Yes,NT,No,781953,1773377
NOCTUIDAE,Euxoa cursoria,LC,No,LC,No,219937,1773309
NOCTUIDAE,Euxoa decora,LC,No,LC,No,716374,1773062
NOCTUIDAE,Euxoa derrae,DD,No,DD,No,,4533812
NOCTUIDAE,Euxoa deserta,DD,No,,No,,1773639
NOCTUIDAE,Euxoa diaphora,DD,Yes,DD,No,875878,1772973
NOCTUIDAE,Euxoa distinguenda,LC,No,LC,No,875879,1773504
NOCTUIDAE,Euxoa dsheiron,DD,No,,No,,1773343
NOCTUIDAE,Euxoa emolliens,DD,Yes,,No,,1773336
NOCTUIDAE,Euxoa eruta,LC,No,LC,No,991490,1773572
NOCTUIDAE,Euxoa fallax,DD,No,,No,,1773291
NOCTUIDAE,Euxoa foeda,DD,No,,No,977769,1773235
NOCTUIDAE,Euxoa glabella,DD,No,DD,No,,1773179
NOCTUIDAE,Euxoa hastifera,VU,No,VU,No,545752,1773161
NOCTUIDAE,Euxoa haverkampfi,DD,Yes,DD,Yes,,1773065
NOCTUIDAE,Euxoa hemispherica,DD,Yes,DD,Yes,,1773399
NOCTUIDAE,Euxoa hilaris,DD,No,DD,No,716370,1773700
NOCTUIDAE,Euxoa lidia,DD,No,RE,No,1026449,4533817
NOCTUIDAE,Euxoa malickyi,LC,Yes,LC,Yes,,4533743
NOCTUIDAE,Euxoa mendelis,LC,No,LC,No,,4533805
NOCTUIDAE,Euxoa montivaga,DD,No,DD,No,1148065,4533777
NOCTUIDAE,Euxoa mustelina,DD,No,DD,No,,1773540
NOCTUIDAE,Euxoa nevadensis,EN,Yes,EN,Yes,,1773492
NOCTUIDAE,Euxoa nigricans,LC,No,LC,No,325249,1773163
NOCTUIDAE,Euxoa nigrofusca,LC,No,LC,No,829229,1773500
NOCTUIDAE,Euxoa obelisca,LC,No,LC,No,325488,1772956
NOCTUIDAE,Euxoa ochrogaster,LC,No,LC,No,219979,1772977
NOCTUIDAE,Euxoa oranaria,LC,No,LC,No,,1773690
NOCTUIDAE,Euxoa pareruta,DD,No,DD,No,,4533761
NOCTUIDAE,Euxoa penelope,DD,Yes,DD,Yes,,4533816
NOCTUIDAE,Euxoa powelli,LC,No,LC,No,1154158,1773495
NOCTUIDAE,Euxoa recussa,VU,No,VU,No,495642,1773328
NOCTUIDAE,Euxoa sabuletorum,DD,No,,No,,1772928
NOCTUIDAE,Euxoa seliginis,LC,No,LC,No,,1773723
NOCTUIDAE,Euxoa sibirica,DD,No,,No,963457,1773606
NOCTUIDAE,Euxoa temera,NT,No,NT,No,494222,1773439
NOCTUIDAE,Euxoa triaena,,No,,No,,1772999
NOCTUIDAE,Euxoa tristis,,No,,No,,1772983
NOCTUIDAE,Euxoa tritici,LC,No,LC,No,480570,1772940
NOCTUIDAE,Euxoa vitta,LC,Yes,LC,No,556269,1773231
NOCTUIDAE,Euxoa wagneri,LC,No,LC,No,,1773207
NOCTUIDAE,Euxoa zernyi,DD,No,DD,No,,1773157
NOCTUIDAE,Evisa schawerdae,LC,No,LC,No,977906,1774006
NOCTUIDAE,Fabula zollikoferi,LC,No,LC,No,483503,4534542
NOCTUIDAE,Feltia nigrita,DD,No,,No,220085,4533731
NOCTUIDAE,Feralia sauberi,DD,No,,No,962492,4534701
NOCTUIDAE,Galgula partita,,No,,No,143119,1787438
NOCTUIDAE,Globia algae,LC,No,LC,No,829227,4534431
NOCTUIDAE,Globia sparganii,LC,No,LC,No,502655,4534429
NOCTUIDAE,Gortyna borelii,NT,Yes,NT,No,483508,1768308
NOCTUIDAE,Gortyna flavago,LC,No,LC,No,479411,1768341
NOCTUIDAE,Gortyna franciscae,LC,Yes,LC,Yes,,1768342
NOCTUIDAE,Gortyna moesiaca,DD,No,DD,No,1148073,1768311
NOCTUIDAE,Gortyna puengeleri,NT,Yes,NT,Yes,,1768324
NOCTUIDAE,Gortyna xanthenes,LC,No,LC,No,1145506,1768340
NOCTUIDAE,Graphiphora augur,LC,No,LC,No,220615,1791784
NOCTUIDAE,Griposia aprilina,LC,No,LC,No,343158,4533273
NOCTUIDAE,Griposia bouveti,DD,No,DD,No,,
NOCTUIDAE,Hada plebeja,LC,No,LC,No,357809,1761041
NOCTUIDAE,Hadena adriana,NT,No,NT,No,875881,1787976
NOCTUIDAE,Hadena albimacula,LC,No,NT,No,483445,1787751
NOCTUIDAE,Hadena archaica,CR,Yes,CR,Yes,,4534149
NOCTUIDAE,Hadena atalantica,DD,Yes,DD,Yes,,1787759
NOCTUIDAE,Hadena azorica,CR,Yes,CR,Yes,605639,4534115
NOCTUIDAE,Hadena bicruris,LC,Yes,LC,No,335610,1787859
NOCTUIDAE,Hadena caesia,VU,No,VU,No,483446,1787697
NOCTUIDAE,Hadena capsincola,LC,No,LC,No,787785,1787841
NOCTUIDAE,Hadena christophi,LC,No,RE,No,875880,1787837
NOCTUIDAE,Hadena clara,EN,No,EN,No,1114274,1787764
NOCTUIDAE,Hadena compta,LC,No,LC,No,324134,1787590
NOCTUIDAE,Hadena confusa,LC,No,LC,No,325612,1787770
NOCTUIDAE,Hadena consparcatoides,LC,No,LC,No,1119166,1787725
NOCTUIDAE,Hadena drenowskii,DD,No,DD,No,875883,1787864
NOCTUIDAE,Hadena filograna,NT,No,NT,No,740116,4534086
NOCTUIDAE,Hadena gueneei,DD,No,DD,No,977772,1787843
NOCTUIDAE,Hadena irregularis,NT,No,VU,No,483443,1787631
NOCTUIDAE,Hadena karsholti,DD,Yes,DD,Yes,,4534092
NOCTUIDAE,Hadena luteocincta,LC,No,LC,No,824687,1787564
NOCTUIDAE,Hadena magnolii,LC,No,NT,No,782672,1787825
NOCTUIDAE,Hadena nevadae,LC,Yes,LC,Yes,1154174,1787866
NOCTUIDAE,Hadena nigricata,DD,Yes,DD,Yes,,1787848
NOCTUIDAE,Hadena orihuela,DD,Yes,DD,Yes,1154183,4534143
NOCTUIDAE,Hadena perpetua,DD,No,DD,No,,4534134
NOCTUIDAE,Hadena perplexa,LC,No,NT,No,357390,1787610
NOCTUIDAE,Hadena persimilis,DD,No,DD,No,875884,1787908
NOCTUIDAE,Hadena pumila,,No,,No,977771,1787701
NOCTUIDAE,Hadena ruetimeyeri,EN,Yes,EN,No,,1787945
NOCTUIDAE,Hadena sancta,LC,No,LC,No,466322,1787905
NOCTUIDAE,Hadena scythia,DD,No,,No,875885,4534082
NOCTUIDAE,Hadena silenes,LC,No,LC,No,875882,1787787
NOCTUIDAE,Hadena silenides,LC,No,LC,No,716360,1787739
NOCTUIDAE,Hadena syriaca,LC,No,LC,No,824612,1787593
NOCTUIDAE,Hadena tephroleuca,EN,No,EN,No,782677,1787978
NOCTUIDAE,Hadena variolata,DD,No,,No,220834,1787682
NOCTUIDAE,Hadena vulcanica,LC,No,LC,No,977904,1787632
NOCTUIDAE,Hadena wehrlii,DD,No,DD,No,,4534111
NOCTUIDAE,Hadjina wichti,NT,Yes,NT,Yes,,1761526
NOCTUIDAE,Haemerosia renalis,LC,No,LC,No,823490,1788242
NOCTUIDAE,Haemerosia vassilininei,NT,No,NT,No,1148079,1788240
NOCTUIDAE,Harpagophana hilaris,LC,Yes,LC,Yes,1039037,1765966
NOCTUIDAE,Hecatera bicolorata,LC,No,LC,No,358028,1789086
NOCTUIDAE,Hecatera cappa,LC,No,LC,No,830671,1789071
NOCTUIDAE,Hecatera corsica,LC,Yes,LC,Yes,874257,1789103
NOCTUIDAE,Hecatera deserticola,DD,No,,No,,1789105
NOCTUIDAE,Hecatera dysodea,LC,No,LC,No,124318,1789076
NOCTUIDAE,Hecatera maderae,LC,Yes,LC,Yes,917436,1789092
NOCTUIDAE,Hecatera weissi,LC,No,LC,No,325615,1789073
NOCTUIDAE,Helicoverpa armigera,LC,No,LC,No,83806,8108800
NOCTUIDAE,Heliocheilus syrticola,DD,No,,No,,4534662
NOCTUIDAE,Heliothis adaucta,LC,No,LC,No,1153226,4534685
NOCTUIDAE,Heliothis incarnata,LC,No,LC,No,461607,4534683
NOCTUIDAE,Heliothis maritima,VU,Yes,VU,No,363122,4534676
NOCTUIDAE,Heliothis nubigera,LC,No,LC,No,483526,4534675
NOCTUIDAE,Heliothis ononis,EN,No,EN,No,146801,4301128
NOCTUIDAE,Heliothis peltigera,LC,No,LC,No,347024,4534681
NOCTUIDAE,Heliothis viriplaca,LC,No,LC,No,333532,4534686
NOCTUIDAE,Helivictoria victorina,DD,No,DD,No,1008869,4534657
NOCTUIDAE,Helotropha leucostigma,LC,No,LC,No,340646,4534389
NOCTUIDAE,Herminia grisealis,LC,No,LC,No,322130,5113078
NOCTUIDAE,Herminia tarsicrinalis,LC,No,LC,No,476140,5113084
NOCTUIDAE,Herminia tarsipennalis,LC,No,LC,No,468006,5113234
NOCTUIDAE,Herminia tenuialis,NT,No,NT,No,577885,5113231
NOCTUIDAE,Heterophysa dumetorum,EN,No,EN,No,,5112591
NOCTUIDAE,Hillia iris,NT,No,NT,No,221364,1794102
NOCTUIDAE,Hoplodrina alsinides,LC,Yes,LC,No,,1784847
NOCTUIDAE,Hoplodrina ambigua,LC,No,LC,No,320763,1784853
NOCTUIDAE,Hoplodrina blanda,LC,No,LC,No,326199,1784826
NOCTUIDAE,Hoplodrina hesperica,LC,Yes,LC,Yes,1130524,1784843
NOCTUIDAE,Hoplodrina octogenaria,LC,No,LC,No,360302,4534290
NOCTUIDAE,Hoplodrina respersa,LC,No,LC,No,470870,1784812
NOCTUIDAE,Hoplodrina superstes,NT,No,NT,No,483516,1784824
NOCTUIDAE,Hydraecia micacea,LC,No,LC,No,221586,1796678
NOCTUIDAE,Hydraecia nordstroemi,LC,Yes,LC,No,992853,1796668
NOCTUIDAE,Hydraecia osseola,NT,No,NT,No,483507,1796643
NOCTUIDAE,Hydraecia petasitis,LC,No,LC,No,483506,1796666
NOCTUIDAE,Hydraecia ultima,LC,No,LC,No,605737,1796644
NOCTUIDAE,Hypena crassalis,LC,Yes,LC,No,202237,4532357
NOCTUIDAE,Hypena lividalis,LC,No,LC,No,330417,4532352
NOCTUIDAE,Hypena masurialis,,No,,No,508473,4532361
NOCTUIDAE,Hypena munitalis,DD,No,DD,No,,1798732
NOCTUIDAE,Hypena obesalis,LC,No,LC,No,483559,4532351
NOCTUIDAE,Hypena obsitalis,LC,No,LC,No,342196,1798802
NOCTUIDAE,Hypena opulenta,DD,No,,No,497379,4532355
NOCTUIDAE,Hypena palpalis,NT,No,NT,No,875390,1798769
NOCTUIDAE,Hypena proboscidalis,LC,No,LC,No,202239,1798807
NOCTUIDAE,Hypena rostralis,LC,No,LC,No,128611,1798594
NOCTUIDAE,Hypobarathra icterias,DD,No,,No,,1789542
NOCTUIDAE,Hypocoena stigmatica,DD,No,,No,785720,4534521
NOCTUIDAE,Hyppa rectilinea,LC,No,LC,No,130186,1798372
NOCTUIDAE,Hyssia cavernosa,LC,No,LC,No,830741,1796867
NOCTUIDAE,Ipimorpha retusa,LC,No,LC,No,483488,1782615
NOCTUIDAE,Ipimorpha subtusa,LC,No,LC,No,483489,1782627
NOCTUIDAE,Janthinea friwaldszkii,DD,No,DD,No,,1799809
NOCTUIDAE,Jodia croceago,VU,No,VU,No,483473,1792645
NOCTUIDAE,Lacanobia aliena,NT,No,NT,No,782667,1759097
NOCTUIDAE,Lacanobia blenna,NT,No,NT,No,483440,4533947
NOCTUIDAE,Lacanobia contigua,LC,No,LC,No,483439,1759055
NOCTUIDAE,Lacanobia oleracea,LC,No,LC,No,322129,1759083
NOCTUIDAE,Lacanobia praedita,LC,No,DD,No,875888,4533941
NOCTUIDAE,Lacanobia splendens,LC,No,LC,No,483590,1759077
NOCTUIDAE,Lacanobia suasa,LC,No,LC,No,325473,4533952
NOCTUIDAE,Lacanobia thalassina,LC,No,LC,No,130097,1759069
NOCTUIDAE,Lacanobia w-latinum,LC,No,LC,No,325269,1759079
NOCTUIDAE,Lamprosticta culta,VU,No,VU,No,737064,1791846
NOCTUIDAE,Lamprotes c-aureum,NT,No,NT,No,803202,5772129
NOCTUIDAE,Lasionhada proxima,LC,No,LC,No,,
NOCTUIDAE,Lasionycta dovrensis,NT,No,EN,No,,1760767
NOCTUIDAE,Lasionycta secedens,LC,No,LC,No,222701,4534221
NOCTUIDAE,Lasionycta skraelingia,NT,No,NT,No,452600,1760762
NOCTUIDAE,Lasionycta staudingeri,NT,No,NT,No,452611,1760741
NOCTUIDAE,Lateroligia ophiogramma,LC,No,LC,No,222724,4534533
NOCTUIDAE,Lenisa geminipuncta,LC,No,LC,No,834286,4534458
NOCTUIDAE,Lenisa wiltshirei,DD,No,DD,No,,4534457
NOCTUIDAE,Leucania canariensis,DD,Yes,DD,Yes,,5111454
NOCTUIDAE,Leucania comma,LC,No,LC,No,468881,5111574
NOCTUIDAE,Leucania fortunata,LC,Yes,LC,Yes,,5111300
NOCTUIDAE,Leucania herrichii,DD,No,DD,No,,5111133
NOCTUIDAE,Leucania joannisi,LC,No,LC,No,672862,5111147
NOCTUIDAE,Leucania loreyi,LC,No,LC,No,468734,5772222
NOCTUIDAE,Leucania obsoleta,LC,No,LC,No,324830,5111323
NOCTUIDAE,Leucania palaestinae,DD,No,DD,No,977707,5111227
NOCTUIDAE,Leucania punctosa,VU,No,VU,No,468721,5111513
NOCTUIDAE,Leucania putrescens,LC,No,LC,No,468593,5111481
NOCTUIDAE,Leucania zeae,VU,No,VU,No,672873,5111501
NOCTUIDAE,Leucochlaena fallax,DD,No,,No,,1775323
NOCTUIDAE,Leucochlaena muscosa,DD,No,DD,No,977708,1775315
NOCTUIDAE,Leucochlaena oditis,LC,No,LC,No,469811,1775329
NOCTUIDAE,Leucochlaena seposita,DD,Yes,DD,Yes,,1775316
NOCTUIDAE,Leucochlaena turatii,LC,Yes,LC,Yes,1085849,1775317
NOCTUIDAE,Lithophane consocia,LC,No,LC,No,483589,1759620
NOCTUIDAE,Lithophane furcifera,NT,No,NT,No,483466,1759661
NOCTUIDAE,Lithophane lamda,NT,No,NT,No,483467,1759686
NOCTUIDAE,Lithophane lapidea,LC,No,LC,No,602055,1759606
NOCTUIDAE,Lithophane leautieri,LC,No,LC,No,429112,1759673
NOCTUIDAE,Lithophane ledereri,LC,No,LC,No,977709,1759559
NOCTUIDAE,Lithophane merckii,EN,No,EN,No,876288,1759637
NOCTUIDAE,Lithophane ornitopus,LC,No,LC,No,483465,1759668
NOCTUIDAE,Lithophane semibrunnea,NT,No,NT,No,479608,1759597
NOCTUIDAE,Lithophane socia,LC,No,LC,No,702888,1759667
NOCTUIDAE,Litoligia literosa,LC,No,LC,No,,4534538
NOCTUIDAE,Longalatedes elymi,NT,No,NT,No,963337,4534398
NOCTUIDAE,Lophoterges hoerhammeri,DD,No,DD,No,,4532730
NOCTUIDAE,Lophoterges millierei,LC,Yes,LC,No,773521,1769029
NOCTUIDAE,Luperina diversa,DD,No,DD,No,977713,1770297
NOCTUIDAE,Luperina dumerilii,LC,No,LC,No,470617,1770353
NOCTUIDAE,Luperina kruegeri,DD,Yes,DD,Yes,,1770358
NOCTUIDAE,Luperina madeirae,DD,Yes,DD,Yes,917437,4534546
NOCTUIDAE,Luperina nickerlii,LC,Yes,LC,No,483502,1770322
NOCTUIDAE,Luperina rubella,LC,No,LC,No,986590,1770308
NOCTUIDAE,Luperina samnii,DD,Yes,DD,Yes,823654,1770351
NOCTUIDAE,Luperina siegeli,DD,Yes,DD,Yes,,4534554
NOCTUIDAE,Luperina taurica,DD,No,,No,875889,1770325
NOCTUIDAE,Luperina testacea,LC,No,LC,No,429178,1770307
NOCTUIDAE,Luperina tiberina,NT,No,VU,No,966065,1770293
NOCTUIDAE,Luteohadena andalusica,LC,No,LC,No,,
NOCTUIDAE,Luteohadena literata,DD,No,,No,,
NOCTUIDAE,Luteohadena luteago,NT,No,NT,No,,
NOCTUIDAE,Lycophotia cissigma,DD,No,,No,963603,1794606
NOCTUIDAE,Lycophotia erythrina,VU,Yes,VU,No,470869,1794609
NOCTUIDAE,Lycophotia porphyrea,LC,Yes,LC,No,449402,1794590
NOCTUIDAE,Macdunnoughia confusa,LC,No,LC,No,460643,1768117
NOCTUIDAE,Mamestra brassicae,LC,No,LC,No,451665,1788522
NOCTUIDAE,Maraschia grisescens,DD,No,DD,No,977715,1767026
NOCTUIDAE,Megalodes eximia,DD,No,DD,No,977689,1767016
NOCTUIDAE,Meganephria bimaculosa,NT,No,NT,No,483470,1783971
NOCTUIDAE,Melanchra granti,CR,Yes,CR,Yes,,4534040
NOCTUIDAE,Melanchra persicariae,LC,No,LC,No,63031,1765767
NOCTUIDAE,Mesapamea maderensis,DD,Yes,DD,Yes,917438,1788442
NOCTUIDAE,Mesapamea moderata,DD,No,,No,,1788431
NOCTUIDAE,Mesapamea pinkeri,DD,Yes,DD,Yes,,1788445
NOCTUIDAE,Mesapamea secalella,LC,No,LC,No,875890,1788457
NOCTUIDAE,Mesapamea secalis,LC,No,LC,No,354806,1788425
NOCTUIDAE,Mesapamea storai,LC,Yes,LC,Yes,342197,1788434
NOCTUIDAE,Mesogona acetosellae,LC,No,LC,No,710624,1787417
NOCTUIDAE,Mesogona oxalina,LC,Yes,NT,No,782194,1787400
NOCTUIDAE,Mesoligia furuncula,LC,No,LC,No,325591,1760104
NOCTUIDAE,Mesotrosta signalis,DD,No,DD,No,,1772442
NOCTUIDAE,Metopoceras albarracina,LC,Yes,LC,Yes,,1783770
NOCTUIDAE,Metopoceras felicina,LC,No,LC,No,469112,1783777
NOCTUIDAE,Metopoceras khalildja,DD,No,DD,No,,1783768
NOCTUIDAE,Metopoceras omar,DD,No,DD,No,977705,1783748
NOCTUIDAE,Metopoceras tabernas,DD,Yes,DD,Yes,,4532711
NOCTUIDAE,Mniotype adjaciensis,DD,Yes,DD,Yes,,
NOCTUIDAE,Mniotype adusta,LC,No,LC,No,176963,4533347
NOCTUIDAE,Mniotype albostigmata,LC,Yes,LC,Yes,176968,4533364
NOCTUIDAE,Mniotype anilis,NT,Yes,NT,No,906439,4533350
NOCTUIDAE,Mniotype bathensis,LC,No,NT,No,963406,4533342
NOCTUIDAE,Mniotype deluccai,DD,Yes,DD,Yes,,4533355
NOCTUIDAE,Mniotype fratellum,DD,Yes,DD,Yes,,4533334
NOCTUIDAE,Mniotype fulva,DD,No,DD,No,,4533356
NOCTUIDAE,Mniotype inexspectata,DD,Yes,DD,Yes,,
NOCTUIDAE,Mniotype loslobensis,DD,Yes,DD,Yes,,
NOCTUIDAE,Mniotype occidentalis,LC,No,LC,No,468591,4533344
NOCTUIDAE,Mniotype satura,LC,No,LC,No,473451,4533360
NOCTUIDAE,Mniotype schumacheri,LC,Yes,LC,Yes,,4533337
NOCTUIDAE,Mniotype solieri,LC,No,LC,No,479613,4533345
NOCTUIDAE,Mniotype spinosa,LC,No,LC,No,466311,4533362
NOCTUIDAE,Mniotype usurpatrix,DD,Yes,DD,Yes,988176,4533339
NOCTUIDAE,Moma alpium,LC,No,LC,No,470449,1800004
NOCTUIDAE,Mormo maura,LC,No,LC,No,205321,1761735
NOCTUIDAE,Mycteroplus puniceago,LC,No,DD,No,875891,5113370
NOCTUIDAE,Mythimna albipuncta,LC,No,LC,No,320878,5772178
NOCTUIDAE,Mythimna albiradiosa,DD,No,,No,,1767652
NOCTUIDAE,Mythimna algirica,DD,No,DD,No,,8754243
NOCTUIDAE,Mythimna alopecuri,LC,No,LC,No,716347,7422711
NOCTUIDAE,Mythimna anderreggii,NT,No,NT,No,1090389,8045644
NOCTUIDAE,Mythimna congrua,LC,No,LC,No,497783,7388922
NOCTUIDAE,Mythimna conigera,LC,No,LC,No,205183,5772199
NOCTUIDAE,Mythimna deserticola,DD,No,,No,1153523,1767694
NOCTUIDAE,Mythimna favicolor,DD,Yes,DD,No,1119687,5772201
NOCTUIDAE,Mythimna ferrago,LC,No,LC,No,324397,5772176
NOCTUIDAE,Mythimna impura,LC,No,LC,No,324831,5772210
NOCTUIDAE,Mythimna l-album,LC,No,LC,No,468658,5772172
NOCTUIDAE,Mythimna languida,LC,No,LC,No,371766,5772171
NOCTUIDAE,Mythimna litoralis,LC,No,LC,No,483451,5772180
NOCTUIDAE,Mythimna opaca,,No,,No,1233218,1767649
NOCTUIDAE,Mythimna pallens,LC,No,LC,No,356188,5772196
NOCTUIDAE,Mythimna prominens,LC,No,LC,No,676912,1767674
NOCTUIDAE,Mythimna pudorina,LC,No,LC,No,470784,5772202
NOCTUIDAE,Mythimna riparia,LC,No,LC,No,496732,7768584
NOCTUIDAE,Mythimna saucesa,DD,Yes,DD,Yes,,8839793
NOCTUIDAE,Mythimna serradaguae,DD,Yes,DD,Yes,,
NOCTUIDAE,Mythimna sicula,LC,No,LC,No,325619,5772186
NOCTUIDAE,Mythimna straminea,LC,No,LC,No,470715,5772205
NOCTUIDAE,Mythimna turca,LC,No,LC,No,465842,1767655
NOCTUIDAE,Mythimna umbrigera,DD,No,DD,No,676923,5772174
NOCTUIDAE,Mythimna unipuncta,LC,No,LC,No,,
NOCTUIDAE,Mythimna valeriae,DD,Yes,DD,Yes,,
NOCTUIDAE,Mythimna velutina,,No,,No,873676,9179857
NOCTUIDAE,Mythimna vitellina,LC,No,LC,No,468594,5772206
NOCTUIDAE,Naenia typica,LC,No,LC,No,324329,1779334
NOCTUIDAE,Netrocerocora quadrangula,DD,No,DD,No,792686,1769327
NOCTUIDAE,Noctua atlantica,LC,Yes,LC,Yes,342199,1789752
NOCTUIDAE,Noctua carvalhoi,NT,Yes,NT,Yes,1190677,1789742
NOCTUIDAE,Noctua comes,LC,No,LC,No,205187,1789730
NOCTUIDAE,Noctua fimbriata,LC,No,LC,No,324707,1789745
NOCTUIDAE,Noctua interjecta,LC,No,LC,No,325294,1789694
NOCTUIDAE,Noctua interposita,LC,No,LC,No,342955,1789753
NOCTUIDAE,Noctua janthe,LC,No,LC,No,362240,1789785
NOCTUIDAE,Noctua janthina,LC,No,LC,No,466045,1789783
NOCTUIDAE,Noctua noacki,LC,Yes,LC,Yes,920244,1789699
NOCTUIDAE,Noctua orbona,LC,No,LC,No,325276,1789755
NOCTUIDAE,Noctua pronuba,LC,No,LC,No,81687,1789695
NOCTUIDAE,Noctua teixeirai,NT,Yes,NT,Yes,917439,1789749
NOCTUIDAE,Noctua tertia,DD,No,DD,No,1130529,8851624
NOCTUIDAE,Noctua tirrenica,NT,No,NT,No,1093106,1789738
NOCTUIDAE,Noctua warreni,LC,Yes,LC,Yes,,1789728
NOCTUIDAE,Nonagria typhae,LC,No,LC,No,332304,5110644
NOCTUIDAE,Nyctobrya canaria,LC,Yes,LC,Yes,,4532816
NOCTUIDAE,Nyctobrya hierroana,LC,Yes,LC,Yes,,
NOCTUIDAE,Nyctobrya maderensis,LC,Yes,LC,Yes,,4532817
NOCTUIDAE,Nyctobrya pinkeri,LC,Yes,LC,Yes,,
NOCTUIDAE,Nyctobrya simonyi,LC,No,LC,No,,4532813
NOCTUIDAE,Nyctobrya vilfredi,DD,Yes,DD,Yes,,
NOCTUIDAE,Nyssocnemis eversmanni,,No,,No,956577,1761442
NOCTUIDAE,Ochropleura leucogaster,LC,No,LC,No,470618,1770416
NOCTUIDAE,Ochropleura plecta,LC,No,LC,No,324010,1770477
NOCTUIDAE,Oligia dubia,LC,Yes,LC,No,,1766467
NOCTUIDAE,Oligia fasciuncula,LC,Yes,LC,No,133343,1766510
NOCTUIDAE,Oligia grisescens,DD,No,DD,No,,1766478
NOCTUIDAE,Oligia latruncula,LC,No,LC,No,428375,1766410
NOCTUIDAE,Oligia leuconephra,DD,No,,No,963072,1766488
NOCTUIDAE,Oligia strigilis,LC,No,LC,No,322142,1766469
NOCTUIDAE,Oligia versicolor,LC,No,LC,No,428376,1766418
NOCTUIDAE,Olivenebula subsericata,LC,No,LC,No,497784,4532987
NOCTUIDAE,Olivenebula xanthochloris,LC,No,LC,No,557291,4532986
NOCTUIDAE,Omia banghaasi,DD,Yes,DD,Yes,,5113555
NOCTUIDAE,Omia cyclopea,EN,No,EN,No,894992,5113553
NOCTUIDAE,Omia cymbalariae,EN,Yes,EN,No,1095269,5113552
NOCTUIDAE,Omphalophana anatolica,LC,No,LC,No,897405,1795479
NOCTUIDAE,Omphalophana antirrhinii,VU,No,VU,No,519051,1795487
NOCTUIDAE,Omphalophana serrata,LC,No,LC,No,325622,1795483
NOCTUIDAE,Oncocnemis arenbergeri,DD,Yes,DD,Yes,,1793126
NOCTUIDAE,Oncocnemis campicola,DD,No,,No,962486,1793080
NOCTUIDAE,Oncocnemis confusa,DD,No,DD,No,716346,1793077
NOCTUIDAE,Oncocnemis exacta,DD,No,,No,,1793150
NOCTUIDAE,Oncocnemis michaelorum,EN,Yes,EN,Yes,,4532721
NOCTUIDAE,Oncocnemis nigricula,DD,No,DD,No,1233219,1793109
NOCTUIDAE,Oncocnemis senica,DD,No,,No,962487,1793179
NOCTUIDAE,Oncocnemis strioligera,,No,,No,,1793091
NOCTUIDAE,Opigena polygona,NT,No,NT,No,780068,1759407
NOCTUIDAE,Orbona fragariae,NT,No,NT,No,870864,4533123
NOCTUIDAE,Oria musculosa,NT,No,NT,No,466368,5110818
NOCTUIDAE,Orthosia cerasi,LC,No,LC,No,244655,1798984
NOCTUIDAE,Orthosia cruda,LC,No,LC,No,244709,1798933
NOCTUIDAE,Orthosia cypriaca,DD,No,DD,No,,8806502
NOCTUIDAE,Orthosia dalmatica,LC,No,LC,No,603070,1798922
NOCTUIDAE,Orthosia gothica,LC,No,LC,No,210605,1798974
NOCTUIDAE,Orthosia gracilis,LC,No,LC,No,349775,1798916
NOCTUIDAE,Orthosia incerta,LC,No,LC,No,244656,1799135
NOCTUIDAE,Orthosia miniosa,LC,No,LC,No,483449,1799132
NOCTUIDAE,Orthosia opima,LC,No,LC,No,483450,1798931
NOCTUIDAE,Orthosia populeti,LC,No,LC,No,348606,1798971
NOCTUIDAE,Orthosia sordescens,DD,No,DD,No,875893,9201821
NOCTUIDAE,Oxicesta chamoenices,NT,Yes,NT,Yes,,4534733
NOCTUIDAE,Oxicesta geographica,LC,No,LC,No,,1764716
NOCTUIDAE,Oxicesta serratae,LC,Yes,LC,Yes,,1764712
NOCTUIDAE,Oxytripia orbiculosa,DD,No,DD,No,787250,4534574
NOCTUIDAE,Ozarba heliastis,,No,,No,680556,1784410
NOCTUIDAE,Pabulatrix pabulatricula,NT,No,NT,No,875894,4534461
NOCTUIDAE,Pachetra sagittigera,LC,No,LC,No,483436,1795452
NOCTUIDAE,Panchrysia deaurata,NT,No,NT,No,784514,1780485
NOCTUIDAE,Panchrysia dives,,No,,No,,1780486
NOCTUIDAE,Panchrysia ornata,,No,,No,1233220,1780483
NOCTUIDAE,Panchrysia v-argenteum,VU,Yes,VU,No,784516,4532919
NOCTUIDAE,Panemeria tenebrata,LC,No,LC,No,60841,1799799
NOCTUIDAE,Panemeria tenebromorpha,DD,Yes,DD,No,889986,1799794
NOCTUIDAE,Panemeria viehmanni,DD,Yes,DD,Yes,,
NOCTUIDAE,Panolis flammea,LC,No,LC,No,349281,1793877
NOCTUIDAE,Panthea coenobita,LC,No,LC,No,176098,1800032
NOCTUIDAE,Papestra biren,LC,No,LC,No,226946,1788917
NOCTUIDAE,Paradiarsia punicea,LC,No,LC,No,,1786515
NOCTUIDAE,Paranataelia tenerifica,LC,Yes,LC,Yes,988157,1769354
NOCTUIDAE,Paranataelia whitei,DD,Yes,DD,Yes,,1769353
NOCTUIDAE,Parastichtis suspecta,LC,No,LC,No,227098,1796217
NOCTUIDAE,Peridroma saucia,LC,No,LC,No,179339,1792996
NOCTUIDAE,Perigrapha cilissa,DD,No,DD,No,977687,5108826
NOCTUIDAE,Perigrapha circumducta,DD,No,,No,884105,5108818
NOCTUIDAE,Perigrapha i-cinctum,LC,No,VU,No,1148069,7752060
NOCTUIDAE,Perigrapha rorida,LC,No,LC,No,708044,7444489
NOCTUIDAE,Perigrapha sellingi,LC,Yes,LC,Yes,498455,9060267
NOCTUIDAE,Perigrapha wimmeri,DD,Yes,DD,Yes,,8753105
NOCTUIDAE,Periphanes cora,LC,No,VU,No,,8891653
NOCTUIDAE,Periphanes delphinii,NT,No,NT,No,483524,6097260
NOCTUIDAE,Phidrimana amurensis,DD,No,,No,925700,4534689
NOCTUIDAE,Philareta treitschkii,DD,No,DD,No,,
NOCTUIDAE,Phlogophora cabrali,NT,Yes,NT,Yes,1190687,1782572
NOCTUIDAE,Phlogophora furnasi,VU,Yes,VU,Yes,878434,1782534
NOCTUIDAE,Phlogophora interrupta,LC,Yes,LC,Yes,342201,1782528
NOCTUIDAE,Phlogophora kruegeri,CR,Yes,CR,Yes,605665,4534318
NOCTUIDAE,Phlogophora meticulosa,LC,No,LC,No,205151,1782560
NOCTUIDAE,Phlogophora scita,VU,No,VU,No,555385,1782579
NOCTUIDAE,Phlogophora wollastoni,LC,Yes,LC,Yes,915506,1782530
NOCTUIDAE,Phoebophilus veternosa,,No,,No,,4532988
NOCTUIDAE,Photedes captiuncula,NT,No,NT,No,483498,1792379
NOCTUIDAE,Photedes dulcis,LC,No,LC,No,834315,1792375
NOCTUIDAE,Photedes extrema,NT,No,NT,No,483500,1792335
NOCTUIDAE,Photedes fluxa,LC,No,LC,No,471295,1792377
NOCTUIDAE,Photedes minima,LC,Yes,LC,No,469888,1792383
NOCTUIDAE,Photedes morrisii,NT,No,NT,No,483499,1792390
NOCTUIDAE,Phragmatiphila nexa,VU,Yes,VU,No,475547,4534525
NOCTUIDAE,Phyllophila obliterata,LC,No,LC,No,787750,1762680
NOCTUIDAE,Plusia festucae,LC,No,LC,No,325340,1772179
NOCTUIDAE,Plusia putnami,LC,No,LC,No,228421,1772169
NOCTUIDAE,Plusidia cheiranthi,LC,No,LC,No,875897,1771768
NOCTUIDAE,Polia bombycina,LC,No,LC,No,322336,1776371
NOCTUIDAE,Polia cherrug,DD,Yes,DD,Yes,,8985797
NOCTUIDAE,Polia hepatica,NT,No,NT,No,547257,5772446
NOCTUIDAE,Polia lamuta,NT,No,NT,No,1045959,7626507
NOCTUIDAE,Polia malchani,DD,No,,No,1233221,1776355
NOCTUIDAE,Polia nebulosa,LC,No,LC,No,460228,1776330
NOCTUIDAE,Polia richardsoni,NT,No,NT,No,228487,7562096
NOCTUIDAE,Polia serratilinea,EN,No,EN,No,986395,1776352
NOCTUIDAE,Polia subcontigua,DD,No,,No,,
NOCTUIDAE,Polia vespertilio,DD,No,,No,,1776372
NOCTUIDAE,Polia vesperugo,NT,No,NT,No,,5110732
NOCTUIDAE,Polychrysia esmeralda,DD,No,,No,228579,1783861
NOCTUIDAE,Polychrysia moneta,LC,No,LC,No,470957,1783855
NOCTUIDAE,Polymixis alaschja,DD,Yes,DD,Yes,,
NOCTUIDAE,Polymixis ancepsoides,DD,Yes,DD,Yes,1197612,4533296
NOCTUIDAE,Polymixis aphrodite,DD,Yes,DD,Yes,,4533332
NOCTUIDAE,Polymixis argillaceago,LC,No,LC,No,466316,1781009
NOCTUIDAE,Polymixis aurora,,No,,No,,
NOCTUIDAE,Polymixis bacheri,LC,No,LC,No,852701,1780975
NOCTUIDAE,Polymixis bischoffii,LC,No,LC,No,,1780922
NOCTUIDAE,Polymixis culoti,LC,No,LC,No,776459,1781007
NOCTUIDAE,Polymixis dubia,LC,Yes,LC,No,466318,1780928
NOCTUIDAE,Polymixis flavicincta,NT,No,NT,No,343161,1780926
NOCTUIDAE,Polymixis germana,DD,No,DD,No,,1781020
NOCTUIDAE,Polymixis iatnana,LC,Yes,LC,Yes,,1780973
NOCTUIDAE,Polymixis latesco,DD,No,,No,,4533333
NOCTUIDAE,Polymixis leuconota,DD,Yes,DD,Yes,776454,4533328
NOCTUIDAE,Polymixis lichenea,LC,No,LC,No,468475,4533285
NOCTUIDAE,Polymixis manisadjiani,DD,No,DD,No,,1780960
NOCTUIDAE,Polymixis polymita,LC,No,LC,No,470961,1781008
NOCTUIDAE,Polymixis rufocincta,LC,No,LC,No,498457,1781016
NOCTUIDAE,Polymixis serpentina,LC,No,LC,No,803926,1780996
NOCTUIDAE,Polymixis sublutea,DD,No,DD,No,,1780938
NOCTUIDAE,Polymixis trisignata,LC,No,LC,No,875899,4533325
NOCTUIDAE,Polymixis xanthomista,LC,No,LC,No,469810,1780954
NOCTUIDAE,Polyphaenis sericata,LC,No,LC,No,470679,1784359
NOCTUIDAE,Polytela cliens,LC,No,LC,No,485329,1791656
NOCTUIDAE,Praestilbia armeniaca,LC,No,LC,No,889463,1793382
NOCTUIDAE,Protarchanara abrupta,DD,No,DD,No,,4534401
NOCTUIDAE,Protarchanara brevilinea,NT,No,NT,No,325246,4534403
NOCTUIDAE,Protolampra sobrina,LC,No,LC,No,483408,1762608
NOCTUIDAE,Protoschinia scutosa,LC,No,LC,No,483527,1767511
NOCTUIDAE,Pseudenargia troodosi,DD,Yes,DD,Yes,,4534322
NOCTUIDAE,Pseudenargia ulicis,LC,No,LC,No,483486,1774959
NOCTUIDAE,Pseudeustrotia candidula,LC,No,LC,No,479063,1799701
NOCTUIDAE,Pseudluperina pozzii,CR,No,CR,No,1008862,4534394
NOCTUIDAE,Pseudohadena armata,DD,No,,No,,1795727
NOCTUIDAE,Pseudohermonassamelancholica,DD,No,,No,,
NOCTUIDAE,Pseudozarba bipartita,VU,No,VU,No,428937,1764174
NOCTUIDAE,Pyrrhia exprimens,EN,No,EN,No,142246,1779633
NOCTUIDAE,Pyrrhia purpura,NT,No,NT,No,1111824,4534672
NOCTUIDAE,Pyrrhia umbra,LC,No,LC,No,324314,1779641
NOCTUIDAE,Raphia hybris,LC,No,LC,No,717225,5108958
NOCTUIDAE,Recoropha canteneri,LC,No,LC,No,325634,1772255
NOCTUIDAE,Resapamea hedeni,DD,No,,No,834427,4534454
NOCTUIDAE,Rhabinopteryx subtilis,,No,,No,977619,1772344
NOCTUIDAE,Rhiza commoda,DD,No,DD,No,1008849,4533067
NOCTUIDAE,Rhiza minuta,DD,No,,No,1008850,4533070
NOCTUIDAE,Rhiza schlumbergeri,,No,,No,,
NOCTUIDAE,Rhiza stenoptera,DD,No,,No,1008848,4533069
NOCTUIDAE,Rhizedra lutosa,LC,No,LC,No,229931,1796473
NOCTUIDAE,Rhyacia arenacea,LC,No,LC,No,875900,1790675
NOCTUIDAE,Rhyacia caradrinoides,DD,No,,No,,1790650
NOCTUIDAE,Rhyacia helvetina,VU,No,VU,No,521039,1790671
NOCTUIDAE,Rhyacia ledereri,DD,No,,No,,1790623
NOCTUIDAE,Rhyacia lucipeta,VU,No,VU,No,483405,1790651
NOCTUIDAE,Rhyacia nyctymerides,DD,No,DD,No,,1790659
NOCTUIDAE,Rhyacia quadrangula,LC,No,LC,No,230019,1790602
NOCTUIDAE,Rhyacia simulans,LC,No,LC,No,483404,1790625
NOCTUIDAE,Rileyiana fovea,LC,No,LC,No,875901,1769944
NOCTUIDAE,Rusina apfelbecki,LC,Yes,LC,No,,
NOCTUIDAE,Rusina ferruginea,LC,No,LC,No,130103,1786287
NOCTUIDAE,Saragossa demotica,DD,No,,No,,4534001
NOCTUIDAE,Saragossa porosa,DD,No,DD,No,976479,4533995
NOCTUIDAE,Saragossa seeboldi,DD,No,DD,No,1154517,1778319
NOCTUIDAE,Saragossa siccanorum,LC,No,DD,No,716330,1778316
NOCTUIDAE,Saragossa uralica,DD,Yes,,No,,4534000
NOCTUIDAE,Schinia cardui,NT,No,NT,No,1011336,4534663
NOCTUIDAE,Schinia cognata,NT,No,NT,No,875903,4534669
NOCTUIDAE,Schinia purpurascens,DD,No,,No,,4534667
NOCTUIDAE,Scotochrosta pulla,LC,No,LC,No,483578,1776207
NOCTUIDAE,Scythocentropus inquinata,,No,,No,977615,1771539
NOCTUIDAE,Scythocentropus misella,DD,No,,No,,4534234
NOCTUIDAE,Sedina buettneri,NT,No,NT,No,468726,1770573
NOCTUIDAE,Senta flammea,LC,No,LC,No,483453,1778127
NOCTUIDAE,Sesamia cretica,LC,No,LC,No,689604,1762358
NOCTUIDAE,Sesamia nonagrioides,LC,No,LC,No,342207,1762383
NOCTUIDAE,Sidemia spilogramma,DD,No,DD,No,875904,1765928
NOCTUIDAE,Sideridis dalmae,DD,No,,No,875906,4534055
NOCTUIDAE,Sideridis egena,DD,No,,No,875907,1775105
NOCTUIDAE,Sideridis implexa,LC,No,LC,No,875905,4534044
NOCTUIDAE,Sideridis kitti,EN,No,EN,No,626503,4534059
NOCTUIDAE,Sideridis lampra,VU,No,VU,No,782213,1775112
NOCTUIDAE,Sideridis reticulata,LC,No,LC,No,335070,4534057
NOCTUIDAE,Sideridis rivularis,LC,No,LC,No,340501,4534052
NOCTUIDAE,Sideridis turbida,LC,No,NT,No,875908,4534046
NOCTUIDAE,Simyra albovenosa,LC,No,LC,No,483483,1762244
NOCTUIDAE,Simyra dentinosa,LC,No,LC,No,,1762248
NOCTUIDAE,Simyra nervosa,LC,No,NT,No,,1762271
NOCTUIDAE,Spaelotis ravida,NT,No,VU,No,483406,1774347
NOCTUIDAE,Spaelotis senna,LC,No,LC,No,914019,1774334
NOCTUIDAE,Spaelotis suecica,NT,No,NT,No,963609,1774317
NOCTUIDAE,Spodoptera cilium,LC,No,LC,No,370856,5109843
NOCTUIDAE,Spodoptera exigua,LC,No,LC,No,231425,5109890
NOCTUIDAE,Spodoptera littoralis,LC,No,LC,No,428994,5109931
NOCTUIDAE,Standfussiana dalmata,LC,Yes,LC,Yes,1154530,1778511
NOCTUIDAE,Standfussiana insulicola,DD,Yes,DD,Yes,,1778515
NOCTUIDAE,Standfussiana lucernea,NT,No,NT,No,483402,1778517
NOCTUIDAE,Standfussiana nictymera,DD,No,DD,No,,1778520
NOCTUIDAE,Standfussiana sturanyi,DD,No,DD,No,,1778502
NOCTUIDAE,Standfussiana wiskotti,EN,Yes,EN,No,782287,1778524
NOCTUIDAE,Staurophora celsia,LC,No,LC,No,774840,5109821
NOCTUIDAE,Stenoecia dos,DD,No,DD,No,,1794285
NOCTUIDAE,Stilbia andalusiaca,LC,No,LC,No,466336,4532787
NOCTUIDAE,Stilbia anomala,VU,Yes,VU,No,468722,1789481
NOCTUIDAE,Stilbia calberlae,DD,Yes,DD,Yes,,1789490
NOCTUIDAE,Stilbia faillae,LC,Yes,LC,Yes,830785,1789477
NOCTUIDAE,Stilbia philopalis,LC,Yes,LC,Yes,1136940,1789491
NOCTUIDAE,Stilbina olympica,DD,Yes,DD,Yes,,1758870
NOCTUIDAE,Sunira circellaris,LC,No,LC,No,,
NOCTUIDAE,Sympistis funebris,LC,No,NT,No,232080,1771986
NOCTUIDAE,Sympistis heliophila,LC,No,LC,No,232082,1772013
NOCTUIDAE,Sympistis lapponica,NT,No,NT,No,232087,1772008
NOCTUIDAE,Sympistis nigrita,LC,Yes,LC,No,232091,1771997
NOCTUIDAE,Sympistis zetterstedtii,NT,No,NT,No,518299,1772001
NOCTUIDAE,Syngrapha ain,LC,No,LC,No,784519,1786017
NOCTUIDAE,Syngrapha devergens,EN,No,EN,No,784520,1786027
NOCTUIDAE,Syngrapha diasema,NT,No,NT,No,232146,1786007
NOCTUIDAE,Syngrapha hochenwarthi,NT,No,NT,No,774470,1785935
NOCTUIDAE,Syngrapha interrogationis,LC,No,LC,No,232149,1785949
NOCTUIDAE,Syngrapha microgamma,LC,Yes,LC,No,232150,1785985
NOCTUIDAE,Syngrapha parilis,NT,No,NT,No,232155,1785981
NOCTUIDAE,Syngrapha rilaecacuminum,VU,Yes,VU,Yes,,1786021
NOCTUIDAE,Synthymia fixa,VU,No,VU,No,325638,1766086
NOCTUIDAE,Teinoptera lunaki,DD,Yes,DD,No,1142431,4532780
NOCTUIDAE,Teinoptera oliva,,No,,No,,4532773
NOCTUIDAE,Teinoptera olivina,LC,No,LC,No,830787,4532775
NOCTUIDAE,Thalerastria diaphora,DD,No,,No,875911,1762622
NOCTUIDAE,Thalerastria lehmanni,,No,,No,1199103,4532894
NOCTUIDAE,Thalpophila matura,LC,No,LC,No,479402,5110213
NOCTUIDAE,Thalpophila vitalba,LC,Yes,LC,No,466362,5110211
NOCTUIDAE,Tholera cespitis,LC,No,LC,No,483448,1771531
NOCTUIDAE,Tholera decimalis,LC,No,LC,No,429123,1771509
NOCTUIDAE,Tholera hilaris,DD,No,,No,1233223,1771519
NOCTUIDAE,Thysanoplusia circumscripta,LC,No,LC,No,1123762,4532905
NOCTUIDAE,Thysanoplusia daubei,LC,No,LC,No,460676,4532908
NOCTUIDAE,Thysanoplusia orichalcea,LC,No,LC,No,124890,1795068
NOCTUIDAE,Tiliacea aurago,LC,No,LC,No,511159,4533136
NOCTUIDAE,Tiliacea citrago,LC,No,LC,No,511540,4533128
NOCTUIDAE,Tiliacea cypreago,LC,No,LC,No,796033,4533130
NOCTUIDAE,Tiliacea sulphurago,LC,No,LC,No,830775,4533125
NOCTUIDAE,Trachea atriplicis,LC,No,LC,No,125049,1760593
NOCTUIDAE,Trichoplusia ni,LC,No,LC,No,202789,1786360
NOCTUIDAE,Trichosea ludifica,VU,No,VU,No,959719,1800145
NOCTUIDAE,Trigonophora crassicornis,LC,No,LC,No,786050,1763701
NOCTUIDAE,Trigonophora flammea,LC,No,LC,No,338937,1763697
NOCTUIDAE,Trigonophora haasi,LC,No,LC,No,1154567,4533276
NOCTUIDAE,Trigonophora jodea,LC,Yes,LC,No,567988,1763703
NOCTUIDAE,Tyta luctuosa,LC,No,LC,No,335065,1790692
NOCTUIDAE,Ulochlaena hirta,LC,No,LC,No,870491,1793573
NOCTUIDAE,Unchelea myodea,NT,No,NT,No,1008864,4534391
NOCTUIDAE,Valeria jaspidea,LC,Yes,LC,No,541197,1774283
NOCTUIDAE,Valeria oleagina,NT,No,NT,No,483582,1774285
NOCTUIDAE,Valerietta hreblayi,CR,Yes,CR,Yes,,4532750
NOCTUIDAE,Valerietta niphopasta,EN,No,EN,No,528627,1774557
NOCTUIDAE,Victrix agenjoi,DD,Yes,DD,Yes,,1798256
NOCTUIDAE,Victrix bogdoana,DD,No,,No,,4405894
NOCTUIDAE,Victrix surala,DD,Yes,,No,,
NOCTUIDAE,Victrix umovii,EN,No,EN,No,875913,4532875
NOCTUIDAE,Violaphotia molothina,LC,Yes,LC,No,,
NOCTUIDAE,Vittaplusia vittata,,No,,No,570461,6116899
NOCTUIDAE,Xanthia togata,LC,No,LC,No,332316,1771698
NOCTUIDAE,Xestia aequaeva,DD,No,,No,452518,5714996
NOCTUIDAE,Xestia agathina,NT,No,NT,No,479730,5112254
NOCTUIDAE,Xestia albuncula,DD,No,,No,452637,5714978
NOCTUIDAE,Xestia alpicola,NT,No,NT,No,483414,7921916
NOCTUIDAE,Xestia ashworthii,LC,No,LC,No,319951,8043500
NOCTUIDAE,Xestia atrata,EN,No,EN,No,233783,1129409
NOCTUIDAE,Xestia baja,LC,No,LC,No,325243,5112291
NOCTUIDAE,Xestia borealis,EN,No,EN,No,1046598,7727533
NOCTUIDAE,Xestia brunneopicta,DD,No,CR,No,1049515,8688267
NOCTUIDAE,Xestia castanea,LC,No,LC,No,483417,5112336
NOCTUIDAE,Xestia c-nigrum,LC,No,LC,No,203342,5714973
NOCTUIDAE,Xestia cohaesa,LC,No,LC,No,828811,5112387
NOCTUIDAE,Xestia collina,NT,No,NT,No,782184,5112368
NOCTUIDAE,Xestia distensa,VU,No,VU,No,1047481,8288089
NOCTUIDAE,Xestia ditrapezium,LC,No,LC,No,360167,5772349
NOCTUIDAE,Xestia gelida,EN,No,EN,No,1047482,7770613
NOCTUIDAE,Xestia jordani,LC,Yes,LC,Yes,,7412304
NOCTUIDAE,Xestia kermesina,LC,No,LC,No,466325,5112388
NOCTUIDAE,Xestia kollari,DD,No,,No,907544,8856542
NOCTUIDAE,Xestia laetabilis,EN,No,EN,No,1048109,5715002
NOCTUIDAE,Xestia liquidaria,DD,No,,No,452523,5714992
NOCTUIDAE,Xestia lorezi,NT,No,NT,No,452646,5714979
NOCTUIDAE,Xestia lyngei,EN,No,EN,No,452520,5714958
NOCTUIDAE,Xestia mejiasi,LC,Yes,LC,Yes,1130023,5112321
NOCTUIDAE,Xestia ochreago,LC,No,LC,No,552116,5112160
NOCTUIDAE,Xestia palaestinensis,DD,No,DD,No,716323,5112319
NOCTUIDAE,Xestia quieta,VU,No,VU,No,452519,5714972
NOCTUIDAE,Xestia rhaetica,NT,No,NT,No,782168,7579103
NOCTUIDAE,Xestia sareptana,DD,No,,No,,5112278
NOCTUIDAE,Xestia sexstrigata,LC,No,LC,No,325301,5112155
NOCTUIDAE,Xestia sincera,EN,No,EN,No,782167,5714990
NOCTUIDAE,Xestia speciosa,NT,No,NT,No,233803,5715004
NOCTUIDAE,Xestia stigmatica,LC,No,LC,No,361320,5112345
NOCTUIDAE,Xestia subgrisea,DD,No,,No,,
NOCTUIDAE,Xestia tecta,NT,No,NT,No,452639,5714981
NOCTUIDAE,Xestia thula,DD,No,,No,452648,5714975
NOCTUIDAE,Xestia triangulum,LC,No,LC,No,324189,5772351
NOCTUIDAE,Xestia trifida,LC,No,LC,No,875915,5112162
NOCTUIDAE,Xestia viridescens,LC,Yes,LC,No,981545,8877821
NOCTUIDAE,Xestia wockei,,No,,No,452517,5714985
NOCTUIDAE,Xestia xanthographa,LC,No,LC,No,48162,5112283
NOCTUIDAE,Xylena buckwelli,DD,No,DD,No,,1790358
NOCTUIDAE,Xylena exsoleta,LC,No,LC,No,483469,1790364
NOCTUIDAE,Xylena lunifera,DD,No,DD,No,892034,1790368
NOCTUIDAE,Xylena solidaginis,LC,No,LC,No,782703,4533145
NOCTUIDAE,Xylena vetusta,LC,No,LC,No,483468,1790361
NOCTUIDAE,Xylocampa areola,LC,No,LC,No,447691,1768150
NOCTUIDAE,Xylocampa hethitica,LC,No,LC,No,,1768142
NOCTUIDAE,Xylocampa mustapha,LC,No,LC,No,881263,1768148
NOCTUIDAE,Xylomoia graminea,LC,No,LC,No,963081,1772457
NOCTUIDAE,Xylomoia stangelmaieri,CR,Yes,CR,Yes,,4534529
NOCTUIDAE,Xylomoia strix,LC,Yes,LC,No,1019296,1772458
NOLIDAE,Bena bicolorana,LC,No,LC,No,360836,1801051
NOLIDAE,Earias albovenosana,LC,No,LC,No,974180,1803067
NOLIDAE,Earias clorana,LC,No,LC,No,357834,1803073
NOLIDAE,Earias insulana,LC,No,LC,No,344823,1803060
NOLIDAE,Earias syriacana,DD,No,DD,No,570458,1803097
NOLIDAE,Earias vernana,LC,No,LC,No,768717,1803012
NOLIDAE,Garella musculana,,No,,No,875916,4534798
NOLIDAE,Garella nilotica,LC,No,LC,No,220292,4534796
NOLIDAE,Meganola albula,LC,No,LC,No,177131,4534767
NOLIDAE,Meganola gigantula,DD,No,DD,No,956811,4534764
NOLIDAE,Meganola impura,DD,No,DD,No,,4534771
NOLIDAE,Meganola kolbi,NT,No,NT,No,977692,4534766
NOLIDAE,Meganola strigula,LC,No,LC,No,479731,4534762
NOLIDAE,Meganola togatulalis,NT,No,NT,No,466355,4534769
NOLIDAE,Nola aegyptiaca,DD,No,DD,No,,4534772
NOLIDAE,Nola aerugula,LC,No,LC,No,244408,4534779
NOLIDAE,Nola chlamitulalis,LC,No,LC,No,245676,4534788
NOLIDAE,Nola cicatricalis,LC,No,LC,No,491463,4534773
NOLIDAE,Nola confusalis,LC,No,LC,No,355727,4534782
NOLIDAE,Nola crambiformis,DD,No,,No,,1801925
NOLIDAE,Nola cristatula,VU,Yes,VU,No,907925,4534775
NOLIDAE,Nola cucullatella,LC,No,LC,No,205155,1801896
NOLIDAE,Nola dresnayi,LC,Yes,LC,Yes,1187145,4534790
NOLIDAE,Nola harouni,LC,No,LC,No,716412,4534776
NOLIDAE,Nola holsatica,DD,Yes,DD,Yes,,4534785
NOLIDAE,Nola infantula,LC,No,LC,No,894901,9894093
NOLIDAE,Nola karelica,VU,No,VU,No,1001089,4534791
NOLIDAE,Nola kruegeri,DD,Yes,DD,Yes,491048,4534777
NOLIDAE,Nola ronkayorum,NT,No,NT,No,1148058,4534786
NOLIDAE,Nola squalida,LC,No,LC,No,678203,4534792
NOLIDAE,Nola subchlamydula,LC,No,LC,No,466376,4534778
NOLIDAE,Nola thymula,LC,No,LC,No,705296,4534787
NOLIDAE,Nola tutulella,LC,No,LC,No,466698,1801834
NOLIDAE,Nycteola asiatica,LC,No,LC,No,479732,5114311
NOLIDAE,Nycteola columbana,LC,No,LC,No,470970,5114301
NOLIDAE,Nycteola degenerana,LC,No,LC,No,483587,5114299
NOLIDAE,Nycteola eremostola,DD,No,,No,875917,5114335
NOLIDAE,Nycteola kuldzhana,DD,No,,No,853755,5114355
NOLIDAE,Nycteola revayana,LC,No,LC,No,205748,5114327
NOLIDAE,Nycteola siculana,LC,No,LC,No,548097,5114316
NOLIDAE,Nycteola svecicus,LC,Yes,LC,No,1050375,5772645
NOLIDAE,Pardoxia graellsii,LC,No,LC,No,,
NOLIDAE,Pseudoips prasinana,LC,No,LC,No,321945,1802280
NOLIDAE,Xanthodes albago,LC,No,LC,No,497592,5114409
NOTODONTIDAE,Cerura delavoiei,LC,No,LC,No,1105102,1825134
NOTODONTIDAE,Cerura erminea,LC,No,LC,No,503929,1825176
NOTODONTIDAE,Cerura iberica,LC,Yes,LC,No,491070,4534826
NOTODONTIDAE,Cerura intermedia,DD,No,,No,875918,1825149
NOTODONTIDAE,Cerura przewalskii,,No,,No,1043959,1825165
NOTODONTIDAE,Cerura vinula,LC,No,LC,No,56226,1825156
NOTODONTIDAE,Clostera anachoreta,LC,No,LC,No,472999,1822830
NOTODONTIDAE,Clostera anastomosis,LC,No,LC,No,472998,1822787
NOTODONTIDAE,Clostera curtula,LC,No,LC,No,355771,1822796
NOTODONTIDAE,Clostera pigra,LC,No,LC,No,338578,1822819
NOTODONTIDAE,Dicranura ulmi,LC,No,LC,No,511462,6201790
NOTODONTIDAE,Drymonia dodonaea,LC,No,LC,No,359281,5118896
NOTODONTIDAE,Drymonia obliterata,LC,No,LC,No,578596,5118904
NOTODONTIDAE,Drymonia querna,LC,No,LC,No,371979,7937573
NOTODONTIDAE,Drymonia ruficornis,LC,No,LC,No,320873,5118892
NOTODONTIDAE,Drymonia velitaris,LC,No,NT,No,853804,7624468
NOTODONTIDAE,Furcula adelaideae,DD,Yes,DD,Yes,,
NOTODONTIDAE,Furcula aeruginosa,DD,No,,No,875919,1822568
NOTODONTIDAE,Furcula bicuspis,LC,No,LC,No,483370,1822613
NOTODONTIDAE,Furcula bifida,LC,No,LC,No,483371,1822587
NOTODONTIDAE,Furcula furcula,LC,No,LC,No,466046,1822610
NOTODONTIDAE,Furcula interrupta,DD,No,DD,No,977567,1822563
NOTODONTIDAE,Furcula loseri,LC,Yes,LC,Yes,,
NOTODONTIDAE,Gluphisia crenata,LC,No,LC,No,476057,1827125
NOTODONTIDAE,Harpyia milhauseri,LC,No,LC,No,325613,1823726
NOTODONTIDAE,Leucodonta bicoloria,LC,No,LC,No,483373,1825539
NOTODONTIDAE,Neoharpyia verbasci,LC,Yes,LC,Yes,747578,1824075
NOTODONTIDAE,Notodonta dromedarius,LC,No,LC,No,319748,1825077
NOTODONTIDAE,Notodonta torva,NT,No,NT,No,143112,1825083
NOTODONTIDAE,Notodonta tritophus,LC,No,LC,No,362650,4534914
NOTODONTIDAE,Notodonta ziczac,LC,No,LC,No,324703,4534909
NOTODONTIDAE,Odontosia carmelita,LC,No,LC,No,483372,1826022
NOTODONTIDAE,Odontosia sieversii,LC,No,LC,No,853760,1826033
NOTODONTIDAE,Paradrymonia vittata,LC,No,LC,No,738985,5118874
NOTODONTIDAE,Peridea anceps,LC,No,LC,No,320874,1822346
NOTODONTIDAE,Peridea korbi,DD,No,DD,No,977568,1822309
NOTODONTIDAE,Phalera bucephala,LC,No,LC,No,55361,5119245
NOTODONTIDAE,Phalera bucephaloides,LC,No,LC,No,751602,5119193
NOTODONTIDAE,Pheosia gnoma,LC,No,LC,No,324392,1825971
NOTODONTIDAE,Pheosia tremula,LC,No,LC,No,319552,1825983
NOTODONTIDAE,Pterostoma palpina,LC,No,LC,No,320070,1825064
NOTODONTIDAE,Ptilodon capucina,LC,No,LC,No,130105,1828162
NOTODONTIDAE,Ptilodon cucullina,LC,No,LC,No,476056,4534872
NOTODONTIDAE,Ptilophora nebrodensis,DD,Yes,DD,Yes,,
NOTODONTIDAE,Ptilophora plumigera,LC,No,LC,No,483375,5119143
NOTODONTIDAE,Ptilophora variabilis,LC,Yes,LC,Yes,971537,5119160
NOTODONTIDAE,Pygaera timon,LC,No,LC,No,853762,1824247
NOTODONTIDAE,Rhegmatophila alpina,LC,No,LC,No,899104,1823604
NOTODONTIDAE,Rhegmatophila ricchelloi,DD,Yes,DD,Yes,1103708,1823603
NOTODONTIDAE,Spatalia argentina,LC,No,LC,No,476059,1827645
NOTODONTIDAE,Stauropus fagi,LC,No,LC,No,451846,5118996
NOTODONTIDAE,Thaumetopoea hellenica,DD,Yes,DD,Yes,,9847737
NOTODONTIDAE,Thaumetopoea herculeana,LC,No,LC,No,536055,1824121
NOTODONTIDAE,Thaumetopoea mediterranea,DD,Yes,DD,Yes,,11778528
NOTODONTIDAE,Thaumetopoea pinivora,LC,No,LC,No,854502,1824129
NOTODONTIDAE,Thaumetopoea pityocampa,LC,No,LC,No,61293,1824131
NOTODONTIDAE,Thaumetopoea processionea,LC,No,LC,No,417955,1824113
NOTODONTIDAE,Thaumetopoea solitaria,LC,No,LC,No,496091,1824130
NOTODONTIDAE,Thaumetopoea wilkinsoni,DD,No,DD,No,509610,1824117
SATURNIIDAE,Actias isabellae,VU,Yes,VU,No,,4526928
SATURNIIDAE,Aglia tau,LC,No,LC,No,125099,5124911
SATURNIIDAE,Antheraea yamamai,,No,,No,348017,1866568
SATURNIIDAE,Samia cynthia,,No,,No,125073,1866356
SATURNIIDAE,Saturnia caecigena,LC,No,LC,No,859183,8851157
SATURNIIDAE,Saturnia josephinae,DD,No,DD,No,,5125005
SATURNIIDAE,Saturnia pavonia,LC,No,LC,No,59346,1867820
SATURNIIDAE,Saturnia pavoniella,LC,Yes,LC,No,59910,1867907
SATURNIIDAE,Saturnia pyri,LC,No,LC,No,56532,1867928
SATURNIIDAE,Saturnia spini,LC,No,NT,No,475151,1867829
SESIIDAE,Bembecia abromeiti,LC,Yes,LC,Yes,739659,4525841
SESIIDAE,Bembecia albanensis,LC,No,LC,No,887257,1940821
SESIIDAE,Bembecia astragali,LC,No,LC,No,,9238169
SESIIDAE,Bembecia blanka,LC,Yes,LC,Yes,1167751,4525832
SESIIDAE,Bembecia crimeana,DD,Yes,,No,,
SESIIDAE,Bembecia fibigeri,LC,Yes,LC,Yes,,4525817
SESIIDAE,Bembecia flavida,LC,No,LC,No,,4525848
SESIIDAE,Bembecia fokidensis,LC,Yes,LC,Yes,,4525834
SESIIDAE,Bembecia handiensis,LC,No,LC,No,,4525819
SESIIDAE,Bembecia himmighoffeni,LC,Yes,LC,Yes,1113841,4525850
SESIIDAE,Bembecia hymenopteriformis,LC,No,LC,No,,4525835
SESIIDAE,Bembecia iberica,LC,No,LC,No,890477,4525820
SESIIDAE,Bembecia ichneumoniformis,LC,No,LC,No,322766,1940838
SESIIDAE,Bembecia lomatiaeformis,LC,No,LC,No,,4525837
SESIIDAE,Bembecia megillaeformis,VU,No,VU,No,466177,4525821
SESIIDAE,Bembecia pallasi,DD,No,,No,,10695104
SESIIDAE,Bembecia pavicevici,LC,Yes,LC,No,,4525823
SESIIDAE,Bembecia priesneri,,No,,No,,4525854
SESIIDAE,Bembecia psoraleae,LC,Yes,LC,Yes,,4525839
SESIIDAE,Bembecia puella,EN,No,EN,No,876011,4525826
SESIIDAE,Bembecia rossica,DD,Yes,,No,,
SESIIDAE,Bembecia sanguinolenta,DD,No,DD,No,889596,1940833
SESIIDAE,Bembecia sareptana,DD,No,,No,,1940820
SESIIDAE,Bembecia scopigera,LC,No,LC,No,876012,1940835
SESIIDAE,Bembecia sirphiformis,LC,No,LC,No,,4525813
SESIIDAE,Bembecia stiziformis,DD,No,DD,No,889588,4525828
SESIIDAE,Bembecia uroceriformis,LC,No,LC,No,887271,4525846
SESIIDAE,Bembecia volgensis,DD,Yes,,No,,4525833
SESIIDAE,Bembecia vulcanica,LC,Yes,LC,Yes,739250,4525818
SESIIDAE,Chamaesphecia aerifrons,LC,No,LC,No,466474,1941330
SESIIDAE,Chamaesphecia albiventris,DD,No,DD,No,,1941474
SESIIDAE,Chamaesphecia alysoniformis,LC,No,LC,No,,1941444
SESIIDAE,Chamaesphecia amygdaloidis,CR,Yes,CR,Yes,,4525729
SESIIDAE,Chamaesphecia anatolica,LC,No,LC,No,,1941428
SESIIDAE,Chamaesphecia annellata,LC,No,LC,No,876013,1941420
SESIIDAE,Chamaespheciaanthraciformis,LC,No,DD,No,,
SESIIDAE,Chamaesphecia astatiformis,LC,No,LC,No,711945,1941432
SESIIDAE,Chamaesphecia bibioniformis,LC,No,LC,No,873652,1941348
SESIIDAE,Chamaesphecia chalciformis,VU,No,VU,No,876014,1941446
SESIIDAE,Chamaesphecia crassicornis,LC,No,LC,No,876015,1941490
SESIIDAE,Chamaesphecia djakonovi,DD,No,,No,,1941467
SESIIDAE,Chamaesphecia doleriformis,LC,No,LC,No,876016,1941345
SESIIDAE,Chamaesphecia dumonti,LC,No,LC,No,876017,1941349
SESIIDAE,Chamaesphecia efetovi,DD,No,DD,No,,
SESIIDAE,Chamaesphecia empiformis,LC,No,LC,No,777116,1941437
SESIIDAE,Chamaesphecia euceraeformis,LC,No,LC,No,876018,1941320
SESIIDAE,Chamaesphecia gorbunovi,LC,No,LC,No,,4525720
SESIIDAE,Chamaesphecia hungarica,VU,Yes,VU,No,890632,1941387
SESIIDAE,Chamaesphecialeucopsiformis,LC,No,LC,No,,
SESIIDAE,Chamaesphecia masariformis,NT,No,NT,No,465337,1941399
SESIIDAE,Chamaesphecia maurusia,DD,No,DD,No,,1941336
SESIIDAE,Chamaesphecia minoica,LC,Yes,LC,Yes,,4525749
SESIIDAE,Chamaesphecia minor,DD,Yes,DD,Yes,,1941368
SESIIDAE,Chamaesphecia mysiniformis,LC,No,LC,No,1081398,1941318
SESIIDAE,Chamaesphecia nigrifrons,LC,No,LC,No,876019,4525751
SESIIDAE,Chamaesphecia osmiaeformis,DD,No,DD,No,,1941480
SESIIDAE,Chamaesphecia oxybeliformis,DD,No,DD,No,876020,1941328
SESIIDAE,Chamaesphecia palustris,VU,No,VU,No,876022,1941448
SESIIDAE,Chamaesphecia proximata,LC,No,LC,No,717821,1941417
SESIIDAE,Chamaesphecia ramburi,DD,Yes,DD,Yes,,1941380
SESIIDAE,Chamaespheciaschmidtiiformis,LC,No,LC,No,,
SESIIDAE,Chamaesphecia staudingeri,DD,Yes,DD,Yes,1103771,1941477
SESIIDAE,Chamaespheciatenthrediniformis,LC,No,LC,No,,
SESIIDAE,Chamaesphecia thracica,LC,No,LC,No,,1941385
SESIIDAE,Dipchasphecia lanipes,CR,No,CR,No,1008695,4525810
SESIIDAE,Eusphecia melanocephala,LC,No,LC,No,,
SESIIDAE,Eusphecia pimplaeformis,DD,No,DD,No,717820,
SESIIDAE,Microsphecia brosiformis,LC,No,LC,No,1147961,
SESIIDAE,Microsphecia tineiformis,LC,No,LC,No,,10309794
SESIIDAE,Negotinthia efetovi,LC,Yes,,No,,
SESIIDAE,Negotinthia hoplisiformis,DD,No,DD,No,1143237,10355665
SESIIDAE,Negotinthia myrmosaeformis,LC,No,LC,No,949467,10572528
SESIIDAE,Paranthrene diaphana,DD,No,DD,No,465336,1939831
SESIIDAE,Paranthrene insolitus,LC,No,LC,No,,4525909
SESIIDAE,Paranthrene tabaniformis,LC,No,LC,No,227054,1939879
SESIIDAE,Pennisetia bohemica,LC,Yes,LC,Yes,,1940805
SESIIDAE,Pennisetia hylaeiformis,LC,No,LC,No,63147,1940807
SESIIDAE,Pyropteron affinis,LC,No,LC,No,876023,4525855
SESIIDAE,Pyropteron aistleitneri,DD,Yes,DD,Yes,,4525874
SESIIDAE,Pyropteron chrysidiformis,LC,No,LC,No,209289,1940158
SESIIDAE,Pyropteron cirgisa,DD,No,DD,No,,4525891
SESIIDAE,Pyropteron doryliformis,LC,No,LC,No,967997,4525893
SESIIDAE,Pyropteron hispanica,LC,Yes,LC,Yes,466295,4525862
SESIIDAE,Pyropteron kautzi,LC,Yes,LC,Yes,,4525876
SESIIDAE,Pyropteron koschwitzi,LC,Yes,LC,Yes,,4525899
SESIIDAE,Pyropteron leucomelaena,LC,No,LC,No,876024,4525866
SESIIDAE,Pyropteron mannii,DD,No,DD,No,910013,4525877
SESIIDAE,Pyropteron meriaeformis,LC,Yes,LC,Yes,466693,4525901
SESIIDAE,Pyropteron minianiformis,LC,No,LC,No,,4525879
SESIIDAE,Pyropteron muscaeformis,LC,No,LC,No,890655,4525870
SESIIDAE,Pyropteron triannuliformis,LC,No,LC,No,,
SESIIDAE,Pyropteron umbrifera,VU,Yes,VU,Yes,,4525906
SESIIDAE,Sazonia fenusaeformis,,No,,No,,
SESIIDAE,Sesia apiformis,LC,No,LC,No,354819,5141493
SESIIDAE,Sesia bembeciformis,LC,No,LC,No,362869,5141501
SESIIDAE,Synanthedon andrenaeformis,LC,No,LC,No,362874,1940717
SESIIDAE,Synanthedon aurivillii,LC,Yes,LC,No,,
SESIIDAE,Synanthedon cephiformis,LC,No,LC,No,493726,1940508
SESIIDAE,Synanthedon codeti,LC,No,LC,No,894943,1940614
SESIIDAE,Synanthedon conopiformis,LC,No,LC,No,703523,1940504
SESIIDAE,Synanthedon cruciati,DD,Yes,DD,Yes,,4525773
SESIIDAE,Synanthedon culiciformis,LC,No,LC,No,51683,1940744
SESIIDAE,Synanthedon flaviventris,LC,Yes,LC,No,362873,1940598
SESIIDAE,Synanthedon formicaeformis,LC,No,LC,No,51685,1940510
SESIIDAE,Synanthedon geranii,LC,Yes,LC,Yes,,4525766
SESIIDAE,Synanthedon loranthi,LC,No,LC,No,887270,1940523
SESIIDAE,Synanthedon martjanovi,DD,No,,No,1177157,1940602
SESIIDAE,Synanthedon melliniformis,LC,No,LC,No,889784,1940571
SESIIDAE,Synanthedon mesiaeformis,LC,No,LC,No,854501,1940682
SESIIDAE,Synanthedon myopaeformis,LC,No,LC,No,468467,4525777
SESIIDAE,Synanthedon polaris,LC,Yes,LC,No,1194444,1940540
SESIIDAE,Synanthedon scoliaeformis,LC,No,LC,No,715873,1940639
SESIIDAE,Synanthedon serica,DD,No,,No,,1940544
SESIIDAE,Synanthedon soffneri,LC,Yes,LC,No,81906,1940521
SESIIDAE,Synanthedon spheciformis,LC,No,LC,No,362872,1940768
SESIIDAE,Synanthedon spuleri,LC,No,LC,No,715637,1940701
SESIIDAE,Synanthedon stomoxiformis,LC,No,LC,No,639039,4525803
SESIIDAE,Synanthedon theryi,LC,No,LC,No,,1940597
SESIIDAE,Synanthedon tipuliformis,LC,No,LC,No,232127,1940575
SESIIDAE,Synanthedon uralensis,DD,No,,No,876027,1940678
SESIIDAE,Synanthedon vespiformis,LC,No,LC,No,362871,1940644
SESIIDAE,Weismanniola agdistiformis,DD,Yes,,No,,1940499
SPHINGIDAE,Acherontia atropos,LC,No,LC,No,56530,1861510
SPHINGIDAE,Agrius convolvuli,LC,No,LC,No,124031,1861644
SPHINGIDAE,Clarina syriaca,,No,,No,958336,1863581
SPHINGIDAE,Daphnis nerii,LC,No,LC,No,51996,1862401
SPHINGIDAE,Deilephila elpenor,LC,No,LC,No,55996,1864377
SPHINGIDAE,Deilephila porcellus,LC,No,LC,No,202083,1864358
SPHINGIDAE,Dolbina elegans,LC,No,LC,No,125119,1862065
SPHINGIDAE,Hemaris croatica,LC,No,LC,No,465421,1861842
SPHINGIDAE,Hemaris fuciformis,LC,No,LC,No,51668,1861797
SPHINGIDAE,Hemaris tityus,LC,No,LC,No,346902,1861862
SPHINGIDAE,Hippotion celerio,LC,No,LC,No,199458,1862293
SPHINGIDAE,Hippotion osiris,,No,,No,354248,1862349
SPHINGIDAE,Hyles cretica,DD,Yes,DD,Yes,740056,4526792
SPHINGIDAE,Hyles dahlii,LC,Yes,LC,Yes,334380,1862894
SPHINGIDAE,Hyles euphorbiae,LC,No,LC,No,70071,1862719
SPHINGIDAE,Hyles gallii,LC,No,LC,No,118901,1862837
SPHINGIDAE,Hyles hippophaes,LC,No,NT,No,103067,1862774
SPHINGIDAE,Hyles livornica,LC,No,LC,No,124215,1862765
SPHINGIDAE,Hyles nicaea,EN,No,EN,No,483569,1862686
SPHINGIDAE,Hyles vespertilio,VU,No,VU,No,472325,1862701
SPHINGIDAE,Laothoe amurensis,LC,No,LC,No,606272,5124029
SPHINGIDAE,Laothoe populi,LC,No,LC,No,62331,5124007
SPHINGIDAE,Macroglossum stellatarum,LC,No,LC,No,56293,1864652
SPHINGIDAE,Marumba quercus,LC,No,LC,No,362831,1861673
SPHINGIDAE,Mimas tiliae,LC,No,LC,No,154388,5123922
SPHINGIDAE,Proserpinus proserpina,LC,No,LC,No,110657,1864161
SPHINGIDAE,Rethera komarovi,DD,No,DD,No,717811,1862670
SPHINGIDAE,Smerinthus caecus,LC,No,DD,No,564281,1862572
SPHINGIDAE,Smerinthus kindermannii,,No,,No,751562,4526725
SPHINGIDAE,Smerinthus ocellata,LC,No,LC,No,205135,1862580
SPHINGIDAE,Sphingonaepiopsisgorgoniades,LC,No,LC,No,,
SPHINGIDAE,Sphinx ligustri,LC,No,LC,No,362591,5124143
SPHINGIDAE,Sphinx maurorum,LC,Yes,LC,No,962101,5124151
SPHINGIDAE,Sphinx pinastri,LC,No,LC,No,70128,5124233
SPHINGIDAE,Theretra alecto,LC,No,LC,No,505254,1862517
THYRIDIDAE,Thyris fenestrella,NT,No,NT,No,462041,1993419
URANIIDAE,Eversmannia exornata,LC,No,LC,No,905190,8943343
ZYGAENIDAE,Adscita albanica,VU,No,VU,No,333236,4522785
ZYGAENIDAE,Adscita alpina,EN,Yes,EN,No,852474,4522773
ZYGAENIDAE,Adscita bolivari,LC,Yes,LC,Yes,333238,4522746
ZYGAENIDAE,Adscita capitalis,EN,No,EN,No,1136818,4522769
ZYGAENIDAE,Adscita dujardini,EN,Yes,EN,No,,9421494
ZYGAENIDAE,Adscita geryon,NT,No,VU,No,354779,8403618
ZYGAENIDAE,Adscita italica,LC,No,LC,No,,4522766
ZYGAENIDAE,Adscita jordani,NT,Yes,NT,Yes,333241,4522771
ZYGAENIDAE,Adscita krymensis,DD,Yes,,No,858654,4522765
ZYGAENIDAE,Adscita mannii,NT,No,NT,No,1134171,4522748
ZYGAENIDAE,Adscita obscura,EN,No,EN,No,333240,4522760
ZYGAENIDAE,Adscita schmidti,NT,Yes,NT,Yes,,4522775
ZYGAENIDAE,Adscita statices,LC,No,LC,No,333243,4522753
ZYGAENIDAE,Aglaope infausta,LC,No,LC,No,497307,1754183
ZYGAENIDAE,Jordanita algirica,,No,,No,1322551,5768152
ZYGAENIDAE,Jordanita anatolica,LC,No,LC,No,976725,5768155
ZYGAENIDAE,Jordanita budensis,NT,No,NT,No,858650,5768160
ZYGAENIDAE,Jordanita chloros,LC,No,NT,No,337914,5768173
ZYGAENIDAE,Jordanita fazekasi,DD,Yes,DD,Yes,,5768172
ZYGAENIDAE,Jordanita globulariae,LC,No,NT,No,362861,5768179
ZYGAENIDAE,Jordanita graeca,NT,No,NT,No,337913,5768170
ZYGAENIDAE,Jordanita hispanica,NT,Yes,NT,No,,5768151
ZYGAENIDAE,Jordanita notata,NT,No,NT,No,747577,5768153
ZYGAENIDAE,Jordanita paupera,DD,No,,No,1135718,5768163
ZYGAENIDAE,Jordanita subsolana,VU,No,VU,No,566639,5768149
ZYGAENIDAE,Jordanita tenuicornis,LC,Yes,LC,Yes,1103669,5768165
ZYGAENIDAE,Jordanita vartianae,NT,Yes,NT,Yes,,5768177
ZYGAENIDAE,Jordanita volgensis,DD,No,,No,858649,5768157
ZYGAENIDAE,Rhagades amasina,LC,No,LC,No,,1754335
ZYGAENIDAE,Rhagades predotae,NT,Yes,NT,Yes,1136922,1754339
ZYGAENIDAE,Rhagades pruni,NT,No,NT,No,468428,1754332
ZYGAENIDAE,Theresimima ampellophaga,NT,No,NT,No,467480,4522744
ZYGAENIDAE,Zygaena angelicae,LC,Yes,LC,No,473925,5107128
ZYGAENIDAE,Zygaena anthyllidis,NT,Yes,NT,No,628060,5106821
ZYGAENIDAE,Zygaena brizae,VU,No,VU,No,858646,5106362
ZYGAENIDAE,Zygaena carniolica,LC,No,LC,No,62094,7903078
ZYGAENIDAE,Zygaena centaureae,DD,No,,No,858645,5106160
ZYGAENIDAE,Zygaena contaminei,VU,Yes,VU,Yes,877487,5105993
ZYGAENIDAE,Zygaena corsica,LC,Yes,LC,Yes,546456,5105941
ZYGAENIDAE,Zygaena cynarae,EN,No,EN,No,556272,5108127
ZYGAENIDAE,Zygaena dorycnii,DD,No,,No,841215,5107485
ZYGAENIDAE,Zygaena ephialtes,LC,No,LC,No,470977,5107184
ZYGAENIDAE,Zygaena erythrus,LC,Yes,LC,Yes,358546,7909858
ZYGAENIDAE,Zygaena exulans,LC,No,LC,No,362862,5108080
ZYGAENIDAE,Zygaena fausta,NT,No,NT,No,62189,8348761
ZYGAENIDAE,Zygaena filipendulae,LC,No,LC,No,62083,5107219
ZYGAENIDAE,Zygaena hilaris,VU,Yes,VU,No,732785,5106894
ZYGAENIDAE,Zygaena ignifera,EN,Yes,EN,Yes,1046999,5106254
ZYGAENIDAE,Zygaena laeta,LC,No,LC,No,553496,5106115
ZYGAENIDAE,Zygaena lavandulae,NT,No,NT,No,469094,5105929
ZYGAENIDAE,Zygaena lonicerae,LC,No,LC,No,82108,8426357
ZYGAENIDAE,Zygaena loti,LC,No,LC,No,362863,7674502
ZYGAENIDAE,Zygaena minos,LC,No,LC,No,551321,5107829
ZYGAENIDAE,Zygaena nevadensis,NT,No,NT,No,321976,5107640
ZYGAENIDAE,Zygaena occitanica,NT,Yes,NT,Yes,499838,8102790
ZYGAENIDAE,Zygaena orana,NT,No,NT,No,480255,5107114
ZYGAENIDAE,Zygaena osterodensis,NT,No,NT,No,465771,7778368
ZYGAENIDAE,Zygaena oxytropis,LC,Yes,LC,Yes,337784,5106539
ZYGAENIDAE,Zygaena punctum,LC,No,LC,No,551023,5106249
ZYGAENIDAE,Zygaena purpuralis,LC,No,LC,No,202776,7410701
ZYGAENIDAE,Zygaena rhadamanthus,VU,Yes,VU,Yes,497298,5107204
ZYGAENIDAE,Zygaena romeo,LC,Yes,LC,No,546836,8048904
ZYGAENIDAE,Zygaena rubicundus,LC,Yes,LC,Yes,479780,5106594
ZYGAENIDAE,Zygaena sarpedon,NT,Yes,NT,No,465034,5106495
ZYGAENIDAE,Zygaena sedi,NT,No,NT,No,856407,5106008
ZYGAENIDAE,Zygaena transalpina,LC,Yes,LC,No,367155,8158342
ZYGAENIDAE,Zygaena trifolii,LC,No,LC,No,130403,7761138
ZYGAENIDAE,Zygaena viciae,LC,No,LC,No,147043,5107644
